doc_id,split,image_path,annotation_path,form_items,words_count,question_count,answer_count,header_count,other_count,text_preview
0000971160,train,data/raw/funsd/dataset/training_data/images/0000971160.png,data/raw/funsd/dataset/training_data/annotations/0000971160.json,24,148,11,8,2,3,"R&D : Suggestion: Date: Licensee Yes No 597005708 R&D QUALITY IMPROVEMENT SUGGESTION/ SOLUTION FORM Name / Phone Ext. : M. Hamann P. Harper, P. Martinez 9/ 3/ 92 R&D Group: J. S. Wigand Supervisor / Manager Discontinue coal retention analyses on licensee submitted product samples (Note : Coal Retent"
0000989556,train,data/raw/funsd/dataset/training_data/images/0000989556.png,data/raw/funsd/dataset/training_data/annotations/0000989556.json,100,232,46,42,7,5,Brand: Style: PHOENIX Company: Country: Macket: CYPRUS NICOSIA Weights Adhesive: Supplier(s) Color Porosity substance Ecusta E.30639 None (coresta) Type Overall skip Dimension Positioning Swift Other N/A x Date: Date: 620419245 Date: Replaces: 05045 New Page 1 of 10 RESTRICTED BROWN & WILLIAMSON INT
0000990274,train,data/raw/funsd/dataset/training_data/images/0000990274.png,data/raw/funsd/dataset/training_data/annotations/0000990274.json,31,136,14,12,1,4,"DATE: INITIATED BY: COMPLETION COUNTRY: PRODUCT: BELGIUM BY: DATE: NOTES: 620429480 RECEIVED SERVICE REQUEST FROM R & D BY INTERNATIONAL LICENSEE OPERATIONS REQUEST NO.: 25- 84 March 27, 1984 P. H. HARPER PHH TARGET DATE: April 13, 1984 LUCKY STRIKE Filter and VICEROY NATURE OF WORK: Advise if local"
0000999294,train,data/raw/funsd/dataset/training_data/images/0000999294.png,data/raw/funsd/dataset/training_data/annotations/0000999294.json,181,295,43,109,5,24,SUBJECT: SAMPLE: CIGARETTES: TAR 9.1 NIC .88 MOIST 14.0 MENT .841 PREFERENCE: Bright 39 34 43 35 42 8 9 11 6 8 200 100 100 100 100 ATTRIBUTES: 53+++ 60+++ 46 56+++ 50 (n=) Total Male Female 35+ KL Bright KL Bright KL Bright KL Bright KL Bright 4.51 4.45 4.09** 4.59 4.31*** 3.60** 3.64*** 3.39*** 3.1
0001118259,train,data/raw/funsd/dataset/training_data/images/0001118259.png,data/raw/funsd/dataset/training_data/annotations/0001118259.json,31,92,3,23,2,3,B&W WCC 621800455 Reconstituted Tobacco Leaf Substitutions Export Formulas Revision Date: Allowable Grade Substitutions for Export CPCL Standard Grade Mark Allowable Substitutions PCFS Flue cured fines PCBS Burley fines MC- 4 Manufacturing fines MC -6 Stem Meal MC -7 Winnowers RXF Fine flue cured st
0001123541,train,data/raw/funsd/dataset/training_data/images/0001123541.png,data/raw/funsd/dataset/training_data/annotations/0001123541.json,40,189,20,12,4,4,"DATE: DEPARTMENT: Type EQPR B&W QUALITY Implement: Date 632120763 QUALITY IMPROVEMENT SUGGESTION OUR MISSION IS SUPERIOR CONSUMER SATISFACTION Highest Quality. Teamwork, Do Right Things Right The First Time RESEARCH & DEVELOPMENT Quality Coord Only June 21, 1993 R&D Library Carol S. Lincoln 407- 64-"
0001129658,train,data/raw/funsd/dataset/training_data/images/0001129658.png,data/raw/funsd/dataset/training_data/annotations/0001129658.json,42,252,16,12,4,10,"FAX: DATE: FROM: CHARGEBACK: RECIPIENT COMPANY FAX No. COMMENTS No: Name: Yes Confirmation: 2074956978 WINSTON & STRAWN Fax Cover Sheet MAMI TRIAL SITE, 2000 FIRST UNION FINANCIAL CENTER, 200 SOUTH BISCAYNE BOULEVARD MIAMI, FLORIDA 33131 (305) 400 6 06 200 PARK AVENUE NEWYORK NY 10166 4193 212 294-6"
0001209043,train,data/raw/funsd/dataset/training_data/images/0001209043.png,data/raw/funsd/dataset/training_data/annotations/0001209043.json,72,147,28,36,6,2,Brand Title Size Magazine Location SCORE BASE SCORE BASE COMMENTS PM6 OVERALL SEX: AGE: Male Female 214 TIME 1.0 (.97) 31 (167) (83) (84) 31 31 (51) (46) 2.0 0.0 (81) (86) 33 29 (42) (55) 2.4 0.0 4/19/74 770205964 33 (42) (125) 30 MAGAZINE SCORES AUDIENCE STUDIES SALEM (RJR) Project # Total Sample 7
0001239897,train,data/raw/funsd/dataset/training_data/images/0001239897.png,data/raw/funsd/dataset/training_data/annotations/0001239897.json,49,135,14,26,4,5,SUBJECT: SAMPLE: CIGARETTES PROJECT REFERENCE ATTRIBUTES VICEROY Competitive 54% 46%46% 47% 53% VICEROY Competitive -13 -4 -7 +7* +14 +26* -15* +22 +1 +5 -5 +21 STRENGTH HARSHNESS AFTERTASTE TOP- LINES NON- MENTHOL PRODUCT TEST # 19 4- 26A 25% Replacement of Propylene Glycol With SORBITOL 250 VICERO
0001438955,train,data/raw/funsd/dataset/training_data/images/0001438955.png,data/raw/funsd/dataset/training_data/annotations/0001438955.json,74,141,21,42,7,4,"Title OVERALL: SEX: AGE: BRAND SMOKER Male 465508326 Female 6 7 (17) (205) 3.1 4.2 (129) (95) 5 9 (117) (105) (63) (66) (46) (49) 3.2 3.0 4.4 4.0 1.9 5.0 (104) (120) 7 7 (101) (121) 3.4% (224) 7% (222) BELAIR 285 % % SCORE BASE SCORE BASE PM6 COMMENTS Brand NEWSPAPER SCORES AUDIENCE STUDIES "" KALEID"
0001456787,train,data/raw/funsd/dataset/training_data/images/0001456787.png,data/raw/funsd/dataset/training_data/annotations/0001456787.json,74,168,26,40,6,2,SECRET Weights Supplier(s) Color Porosity Substance mm mm mm 13% mg mg N/A N/A N/A N/A 620753790 CHAMP S/ L TRIAL SPECIFICATION BWIT Suggestion HK Trial CIGARETTE MAKING Physical Characteristics Overall Cigarette Length Tobacco Rod Length Filter Plug Length Filter Plug Pressure Drop (unencap.) Filte
0001463282,train,data/raw/funsd/dataset/training_data/images/0001463282.png,data/raw/funsd/dataset/training_data/annotations/0001463282.json,101,229,45,43,6,7,"Date: Description: Budgeted: Yes Yes No No x x 23.3 Supplier Cost ($) Est. Travel Kapuler PROJECTED: Date Date Date Date Date cc: 1990 370,000.00 199,900.00 -35,675,00 -O- 164,225.00 205,775.00 Product Test 400 Kapuler Howard BARCLAY 670801704 6 No. MARKETING RESEARCH AUTHORIZATION (Recommended Prop"
0001463448,train,data/raw/funsd/dataset/training_data/images/0001463448.png,data/raw/funsd/dataset/training_data/annotations/0001463448.json,42,122,5,6,1,30,"( ) ( ) ( ( ) B( ) ( ) ( ) ( ) ( ) ( ) ( ) ( ) ( ) BROWN & WILLAMSON 1994 COLLECTION PROTOCOPYING VARIANCE FORM This form was placed before Bates ID 6708105266 AT THE TIME OF REPRODUCTION, THE FOLLOWING NOTATTONS WERE MADE: DOCUMENT COPIES ARE IN THE SAME SEQUENCE AS THEY APPEARED IN THE ORIGINAL. P"
0001476912,train,data/raw/funsd/dataset/training_data/images/0001476912.png,data/raw/funsd/dataset/training_data/annotations/0001476912.json,52,97,22,23,3,4,COMMENTS Brand: Commercial: Supplier: Sample: Chicago: 8/8 98 336 (234) Overall CITY Chicago SEX AGE Male Female 16-25 26-35 36-45 1.7 0.0 3.3 0.0 3.3 0.0 0.0 0.0 9.3 465607116 0.0 5.0 P MR 1909 (3-69) 100 BROWN & WILLIAMSON TOBACCO CORPORATION FILTER SCORES RALEIGH (BELAIR portion not tested) Proje
0001477983,train,data/raw/funsd/dataset/training_data/images/0001477983.png,data/raw/funsd/dataset/training_data/annotations/0001477983.json,65,303,23,11,4,27,Retainer No. $ $ $ $ $ Other (please explain): Note: RIGL 22-10-2 (d) requires disclosure in a dollar amount of the compensation for lobbying activity. (from) (to) REVIEWED: ACCEPTED: STATE OF RHODE ISLAND AND PROVIDENCE PLANTATIONS Office of the Secretary of State James R. Langevin Secretary of Sta
0001485288,train,data/raw/funsd/dataset/training_data/images/0001485288.png,data/raw/funsd/dataset/training_data/annotations/0001485288.json,30,100,17,9,2,2,"☑ 20 620745255 Signed Free DC B38 (8 78) BROWN & WILLIAMSON TOBACCO CORPORATION LOUISVILLE, KENTUCKY 40201 SPECIAL SAMPLE MANUFACTURE SHIPMENT ☐ TRANSFER ☐ REDUCED TO MATERIAL ☐ Date of Request Account Number 6/ 25/ 81 22 244 00 Copies to: Factory Cost Dept. Writer Development Center Sue Livesay Sam"
00040534,train,data/raw/funsd/dataset/training_data/images/00040534.png,data/raw/funsd/dataset/training_data/annotations/00040534.json,81,227,32,43,3,3,COMPOUND SOURCE INVESTIGATOR(S) SIGNATURE(S) REPORTED TESTED MALE FEMALE SOURCE Unk. P.O. A4 12/28/78 X Unk. Camm Research ☑ ☑ 5 10 10 10 10 1 2 3 4 5 1800 2160 2592 3732 4479 CONCLUSION 00040534 ACUTE TOXICITY IN MICE 3-Hydroxy-3-methylbutanoic acid (Tur 13) Lorillard - Organic Chemistry LORILLARD 
00070353,train,data/raw/funsd/dataset/training_data/images/00070353.png,data/raw/funsd/dataset/training_data/annotations/00070353.json,24,125,10,7,1,6,"AUTHORS TITLE RECOMMENDATION: 533 Date x NOT APPROVE 00070353 Manuscript Review Form TOBACCO SCIENCE Registration No March 18, 1968 Andrew G. Kallianos, Richard K. Means, James D. Mold ""Effect of Nitrates in Tobacco on the Catechol Yield in Cigarette Smoke"" REVIEW COMPLETED PRESENT FORM: 3/ 29/ 68 A"
00093726,train,data/raw/funsd/dataset/training_data/images/00093726.png,data/raw/funsd/dataset/training_data/annotations/00093726.json,92,231,45,38,6,3,"Date: on BLEND CASING RECASING Cigarettes Filters Responsibility apping Requirements Reports 6030 OGS OGS OGS OGS AMF 25. 0 554 Ammons Wicker Routh "" White Blue White "" 00093726 Maker Length Circumference Weight Paper Labels Closures Cartons Markings Laboratory Other Kind Process Circumference Weigh"
0011505151,train,data/raw/funsd/dataset/training_data/images/0011505151.png,data/raw/funsd/dataset/training_data/annotations/0011505151.json,40,100,19,17,1,3,"CAPRI DESCRIPTION: SUPPLIER: 466009457 47,218 9,442 14,165 -Pd. CUMULATIVE DEC FEB 9.442 21.240 3068230.682 77.900 PROJECT NO. 1987- 115- CA CAPRI EXPANSION A&U - CALIFORNIA - WAVE 4. Kapuler Marketing Research MR PERSONNEL: B. R. Pellett AUTHORIZED COST: 70,825 + +10 % (TOTAL 1987) +7.075 (2 -23 -8"
0011838621,train,data/raw/funsd/dataset/training_data/images/0011838621.png,data/raw/funsd/dataset/training_data/annotations/0011838621.json,62,165,31,25,3,3,Date: Description: Supplier: No. 27 Decrease Reasons: .08 .08 PROJECTED: 1.488.126.23 .08 0 1.488.126.15 1.471.873.85 cc: Date Date International. 464537440 MD Davis INTERNATIONAL MARKETING RESEARCH CHANGE OF AUTHORIZED COST 6/ 21/ 90 Hong Kong: Cigarette Market Monitor MDR. HK Total Cost 1990 Cost 
0011845203,train,data/raw/funsd/dataset/training_data/images/0011845203.png,data/raw/funsd/dataset/training_data/annotations/0011845203.json,53,165,11,8,3,31,"TO: INSTRUCTIONS WELCOMED. ARE AGENCY THE FROM DESIGNS ALTERNATE FOR SUGGESTIONS THESE SHOULD BE SUBMITTED AS SEPARATE DOCUMENTS APPENDED TO THIS BID HOWEVER, 3. FAX NUMBER: 464565018 BROWN & WILLIAMSON BID REQUEST FORM (QUANTITATIVE RESEARCH) PROJECT NUMBER: 1991- 18 B&W ORIGINATOR: Mary D. Davis M"
0011856542,train,data/raw/funsd/dataset/training_data/images/0011856542.png,data/raw/funsd/dataset/training_data/annotations/0011856542.json,18,88,9,8,1,0,"DATE BD-FF 1/4/90 Marketing cc: PROJECT INITIATION FORM PROJECT CODE PROJECT NAME BULL DURHAM Full Flavor King Size Cigarettes J. F. Anders/ J. E. Mann PROJECT LEADER WORK REQUESTED BY PROJECT OBJECTIVE Develop 14- mg ""tar"" delivery king size cigarette for generic pricing directed toward young male "
0011859695,train,data/raw/funsd/dataset/training_data/images/0011859695.png,data/raw/funsd/dataset/training_data/annotations/0011859695.json,29,132,13,11,1,4,"Agency: Contact: Date: Client: Address: Product: Film Cleared: RECEIVED CF: cb AMERICAN BROADCASTING COMPANY TELEVISION NETWORK 1333 Avenue of the Americas, New York, New York 10019 LT 1- 7777 SSC&B, Inc September 25, 1969 Larry Odum 575 Lexington Avenue, New York, New York 10022 American Tobacco Co"
0011899960,train,data/raw/funsd/dataset/training_data/images/0011899960.png,data/raw/funsd/dataset/training_data/annotations/0011899960.json,30,117,12,12,1,5,"Attention Copies Department Subject 7 Publication Time Date RECEIVED 516007780 DR. HUGHES, MESSRS. ALAR, SANDEFUR, CORPORATE AFFAIRS BLOTT, BUTLER, MIDDLETON, CHRISTENSEN, PEPPLES, SACHS FREEDMAN T. HUMBER, M. BATEMAN L&M Lawsuit PRESS QUERY ADWEEK - Midwest Reporter/ Editor Fran Brock (312) 467- 65"
0011906503,train,data/raw/funsd/dataset/training_data/images/0011906503.png,data/raw/funsd/dataset/training_data/annotations/0011906503.json,86,244,54,20,7,5,0465E ($000) Title Purpose 1 2 3 4 7 5 6 Status Proposed Approved; TOTAL CAPITAL EXPENSE Completion Mo. Yr. Submission Yr. Start Mo. Yr. 88 x 80 80 0 88 11 88 7 CAPITAL EXPENSE CAPITAL EXPENSE 1989 80 0 JAN. -MAR. APR. -JUN. JUL. -DEC TOTAL EXPENSE CAPITAL -SEP OCT. YEAR EXPENSE CAPITAL 1990 1991 19
0011973451,train,data/raw/funsd/dataset/training_data/images/0011973451.png,data/raw/funsd/dataset/training_data/annotations/0011973451.json,49,124,30,13,5,1,APPROVALS: Date: OBJECTIVE: Cartons: Cases: TIMETABLE: Manufacturing: Date TBD TBD TBD TBD 500 $250 670886182 Date Shipping: Start Up: VOLUME: NEW EXPORT PRODUCT DEVELOPMENT CHARTER 6/ 24/ 94 BRAND/PROJECT NAME: RICHLAND Kings (Soft Pack) -Duty Free (Phoenix) MARKET (S): World- wide Duty Free Genera
0011974919,train,data/raw/funsd/dataset/training_data/images/0011974919.png,data/raw/funsd/dataset/training_data/annotations/0011974919.json,42,107,18,22,1,1,"To From: Date: Brand: Title: Eclipse Description: APAC 300 300 W25 APAC C: 602399 RESPONSE CODE REQUEST CONFIRMATION Joe Leinster Joyce Bagby September 10, 1996 PPS Program # Requested By: Sneak Preview Confirmation Call- Charlotte Tests Record of confirmation calls for sneak preview appointments Fu"
0011976929,train,data/raw/funsd/dataset/training_data/images/0011976929.png,data/raw/funsd/dataset/training_data/annotations/0011976929.json,24,80,9,11,1,3,"Dates: 466603840 /934g /lr 700 Dundee State: Illinois SPECIAL EVENTS City/ Town: Type of Event: Beauty Contest Estimated Attendance March 3rd, 4th & 5th, Name of Event: Mrs. Illinois Beauty Pageant Contact (Name/ Telephone): Ms. Joy Weathers (Sales) 312/ 426 - 8000 Audience Concentration 90 % White "
0012178355,train,data/raw/funsd/dataset/training_data/images/0012178355.png,data/raw/funsd/dataset/training_data/annotations/0012178355.json,62,150,45,9,6,2,BRAND Domestic X Export Description: Date ENDORSEMENTS Date CQA ELT Marketing APPROVAL Date CQA President Rationale Military Contract X Processing X X 10111 621626776 Attachment II SPECIFICATION CHANGE PROPOSAL ELI CUTTER KS SPECIFICATION CHANGE NUMBER 84- 79 TYPE OF SPECIFICATION CHANGE (Check all 
0012199830,train,data/raw/funsd/dataset/training_data/images/0012199830.png,data/raw/funsd/dataset/training_data/annotations/0012199830.json,27,84,7,15,1,4,"Customer B&W RECEIVED Technician 605110969 Toluene AARBERG -STRAHAN INKS & COATINGS CORP. Formula Composit Form DEC 1 1 1989 A. C. D. Falcon Green SKGC-4518 Formula No. Solids Composit Lecithin (Food Grade) Epoxidized Soy Bean Oil Cellulose Nitrate Wet w /2 Propanol Pigment, Yellow 34 Pigment, Blue "
0012529284,train,data/raw/funsd/dataset/training_data/images/0012529284.png,data/raw/funsd/dataset/training_data/annotations/0012529284.json,71,228,38,24,4,5,"Date: Description: No. Supplier: Reasons: Increase Decrease PROJECTED: 1987 Com- cc: Date Date Date Date Date MRD00008 465915249 CHANGE OF AUTHORIZED COST 12- -4 -87 C -5-51 CAPRI A&U EXPANSION - CALIFORNIA: WAVE 2 (87 -113) , WAVE 3 (87 –114) AND WAVE 4 (87 -115) . Kapuler Marketing Research Previo"
0012529295,train,data/raw/funsd/dataset/training_data/images/0012529295.png,data/raw/funsd/dataset/training_data/annotations/0012529295.json,88,257,39,38,5,6,Date: Supplier Projected: x -0- -O- Date Date Date Date Date Original cc: No. Yes No -0- CAPRI /lsbg1006 465915288 - MARKET RESEARCH AUTHORIZATION (Recommended Proposal Attached) 6DR IV per II Revised MRA request one on LS to be C- 40 10/ /9 87 Description: CAPRI Expansion: California- A&U Wave II R
0012602424,train,data/raw/funsd/dataset/training_data/images/0012602424.png,data/raw/funsd/dataset/training_data/annotations/0012602424.json,88,225,54,28,2,4,DATE: SUPPLIER: PREVIOUS $ COMMITMENTS THIS PROJECI: $ $ $ REASONS: COMMITTED TO DATE Year) (Current DATE DATE DATE DATE DATE BEATTY A. D. T. E. SPROUGE ALBERT A. B. ORIGINAL CC: PROJECTED: 681925147 CHANGE OF AUTHORIZED COST AUTHORIZATION NO.: NP -75 11/ 28/ 84 PROJECT NAME: GEMINI AWARENESS ATTITU
0012947358,train,data/raw/funsd/dataset/training_data/images/0012947358.png,data/raw/funsd/dataset/training_data/annotations/0012947358.json,83,299,27,21,3,32,VIA: TO: FROM: Per DATE: VIA: RE: FOR IN Document(s) Served: Court: Remarks BY: Per (X) FLORIDA (X) (city) (State) (City) (Originating Agent) (State) (C T. Office) (Name State) (Address) 9. 8. 7. 6. 5. 4. 3. 2. 1. C T SYSTEM The Corporation Trust Company C T Corporation System and Associated Compani
0013255595,train,data/raw/funsd/dataset/training_data/images/0013255595.png,data/raw/funsd/dataset/training_data/annotations/0013255595.json,17,34,9,3,3,2,DATE: SUBJECT: WRITER: APPROVALS: Other: YES NO DATE PUBLIC COMMUNICATIONS APPROVAL SHEET The Tobacco Institute Attachment A NAME OR INITIALS Division Head Bill Kloepfer Sam Chilcote Legal Approval Recommended/ Required: SH &B C& B
00283813,train,data/raw/funsd/dataset/training_data/images/00283813.png,data/raw/funsd/dataset/training_data/annotations/00283813.json,76,188,35,26,5,10,"Date: on 5031 BLEND CASING RECASING Cigarettes: Brand Length Circumference Paper Firmness Draw Weight Print Wrappings: Labels Closures Cartons Markings Gold Requirements: Responsibility: Laboratory Others Shipping Reports: 00283913 - 7/ 16/ 68 7/ 10/ 68 Mr. C. L. Tucker, Jr. Original request made by"
0030031163,train,data/raw/funsd/dataset/training_data/images/0030031163.png,data/raw/funsd/dataset/training_data/annotations/0030031163.json,26,132,17,2,3,4,"NAME Strokes NAME A <> <> SPORTS REGISTRATION 37TH ANNUAL MEETING AUGUST 15-18, 1996 RYE- TOWN HILTON HOTEL RYE, NEW YORK Make copies of this form if necessary. Complete applicable section (s) and return to NYSAWMD. LORILLARD TOBACCO COMPANY GOLF TOURNAMENT (Ladies & Men) . . . Friday, August 16, Te"
0030041455,train,data/raw/funsd/dataset/training_data/images/0030041455.png,data/raw/funsd/dataset/training_data/annotations/0030041455.json,13,64,3,6,1,3,5 0 2 A KOOL & GPC GOLF BAG SURVEY Section Number Section Sales Manager's Name Peter Hatch Please place the following order for KOOL and/ or GPC Golf Bags for my Section: KOOL Golf Bags GPC Golf Bags Send the completed survey to Linda Daniels in Field Supply via fax (502- 568- 7189) OR CC: Mail no l
0060000813,train,data/raw/funsd/dataset/training_data/images/0060000813.png,data/raw/funsd/dataset/training_data/annotations/0060000813.json,48,105,29,13,5,1,Brand: Power: Pulse: Modules: Scorching: Cratering: Comments: Scorching: Cratering Comments: Module: Brand: Pulse: Scorching: Cratering: Comments: Scorching: Cratering: Comments: Power: 412 Insignificant. Insignificant. Week of: P. S. 73 -91 Date Received 1 /25 /91 LASER PERFORATED TIPPING APPEARANC
0060007216,train,data/raw/funsd/dataset/training_data/images/0060007216.png,data/raw/funsd/dataset/training_data/annotations/0060007216.json,31,85,11,18,1,1,"DATE PMRM Cigarette dimensions: ference. cc: RSS RDC PHL PRC BMC Records PROJECT INITIATION FORM PROJECT CODE PROJECT NAME PROJECT LEADER WORK REQUESTED BY PROJECT OBJECTIVE OTHER PERSONNEL ASSIGNED April 30, 1985 PALL MALL Regular Menthol J. F. Anders R. S. Sprinkle, III To develop a nonfilter ment"
0060024314,train,data/raw/funsd/dataset/training_data/images/0060024314.png,data/raw/funsd/dataset/training_data/annotations/0060024314.json,39,110,20,14,3,2,"Facility: Permit#: DESCRIPTION: CAS# MANUFACTURER: No Inorganic PHONE Other Organic Yes 74880 6240 0001 CITY OF REIDSVILLE CHEMICAL MANAGEMENT PLAN 1993 INVENTORY CHEMICAL USAGE FACT SHEET Process Chemicals Used in Excess of 100 Pounds/ Day, Water Treatment Chemicals, Cleaning Compounds The American"
0060025670,train,data/raw/funsd/dataset/training_data/images/0060025670.png,data/raw/funsd/dataset/training_data/annotations/0060025670.json,14,46,10,0,1,3,"Supplier: APPROVED Tester Manager TEST ADHESIVE EVALUATION Adhesive Code: Application: tipping, carton end flaps, etc.) Test Period: NOT APPROVED If not approved state reasons. Quality Control Local Purchasing Complete and return to D. R. Brickey, Department of Research and Development, as soon as p"
0060029036,train,data/raw/funsd/dataset/training_data/images/0060029036.png,data/raw/funsd/dataset/training_data/annotations/0060029036.json,48,137,29,15,1,3,"Brand(s) Company DATE SIGNATURE NAME Originator Manager DATE SECTION(S) SIGNATURE PAGE(S) Insurance Law 1-11-94 SME SPORTS MARKETING ENTERPRISES DOCUMENT CLEARANCE SHEET January 11, 1994 Date Routed: Contract No. 4011 00 00 Joe's Place Exhibits Contract Subject: SPEVCO, INC. Camel/ Winston Current Y"
0060036622,train,data/raw/funsd/dataset/training_data/images/0060036622.png,data/raw/funsd/dataset/training_data/annotations/0060036622.json,35,153,17,17,0,1,TO: From: Contribution Requested by 1976 ☑ Message Mr. G. J. Schramm Mr. W. P. Myhan Mr. F. X. Whelan Mr. R. H. Stinnette Mr. J. B. McCarthy E. E. Curtin Request for contribution or membership to be considered by contributions Committee at next meeting ☐ Membership Harvard Medical School and Dr. Gar
0060068489,train,data/raw/funsd/dataset/training_data/images/0060068489.png,data/raw/funsd/dataset/training_data/annotations/0060068489.json,50,228,27,16,3,4,"DATE DESCRIPTION MEDIUM 3/17/82 Outdoor AGENCY BRAND NO. April THRU July SPACE CONTINGENCY 1,680 2.000.00 TOTAL APPROVALS Agency Product Media Sales Marketing Executive Accounting REMARKS: ADVERTISING AND SELLING AUTHORIZATION NYO 09 (10-81) The American Tobacco Company DIVISION OF AMERICAN BRANDS I"
0060077689,train,data/raw/funsd/dataset/training_data/images/0060077689.png,data/raw/funsd/dataset/training_data/annotations/0060077689.json,66,208,32,27,3,4,"LOCATION REQUISITIONER SUPPLIER TERMS FO QUANTITY DESCRIPTION PRICE Attn: DATE DATE DATE BY DATE OTHER M14789 ☑ BUYER DATE APPROVAL THE AMERICAN TOBACCO COMPANY PURCHASE REQUISITION AT 135 STAMFORD, CT AUTHORIZATION NO. BUDGET NO. Mr. G. Schumacher January 3, 1995 DATE OF REQUISITION WEBCRAFT TECHNO"
0060080406,train,data/raw/funsd/dataset/training_data/images/0060080406.png,data/raw/funsd/dataset/training_data/annotations/0060080406.json,59,185,24,8,4,23,"02/04/91 DATE DESCRIPTION MEDIUM SALES BRAND ORIGINATOR THRU REMARKS LABELS DECALS MOBILES 35,000.00 APPROVALS JAN FEB MAR Agency Forecasting Marketing Sales Sales President 5060 Yr. 91 THE AMERICAN TOBACCO COMPANY SIX STAMFORD FORUM P. O. BOX 10380 STAMFORD CONNECTICUT 06904- 2380 AT [1- 89) ADVERT"
0060091229,train,data/raw/funsd/dataset/training_data/images/0060091229.png,data/raw/funsd/dataset/training_data/annotations/0060091229.json,17,99,12,2,2,1,"Attention: MARDEN- KANE. INC. 666 FIFTH AVE. NEW YORK, N.Y. 10103 (212) 582-6600 TRAVEL INFORMATION SHEET This information will be used by Marden- Kane in making travel arrangements for your round- trip to Los Angeles, California. Finalist Name: Home Address: Home Telephone: Business Telephone: Name"
0060094595,train,data/raw/funsd/dataset/training_data/images/0060094595.png,data/raw/funsd/dataset/training_data/annotations/0060094595.json,59,141,14,40,3,2,Weight Draw Tar Nicotine 0 5 7 12 23 0 1 0 11 5 4 4 23 1 0 0 Basic Basic Basic 80620665 Characteristic Tested BETWEEN THE ACTS 25 %% mm. Butt MADISON 25 mm. Butt Smoke Analysis Present Sample Mean of Last 12 Samples Present Sample Mean of Last 12 Samples 1 .089 0. .34 39. .7 4 .26 ction to Litmus 1 
0060136394,train,data/raw/funsd/dataset/training_data/images/0060136394.png,data/raw/funsd/dataset/training_data/annotations/0060136394.json,27,92,8,9,1,9,"SIGNED DATE TOTAL: CLIENT PROGRAM STATIONS RS#39 RS Accounting Batten, Barton, Durstine & Osborn INCORPORATED CHANGE IN RADIO SCHEDULE WHAS 11/3/56 10/26/57 THE AMERICAN TOBACCO COMPANY (LUCKY STRIKE) 1/2 HOUR PROGRAMES WHAS LOUISVILLE, KENTUCKY CONTRACT #1032 ENTIRE SCHEDULE CANCELLED LAST BROADCAS"
0060165115,train,data/raw/funsd/dataset/training_data/images/0060165115.png,data/raw/funsd/dataset/training_data/annotations/0060165115.json,36,107,13,13,3,7,"DATE: FROM: TO: ADDRESS: Telephone Telefax Re.: 2463 2505430204 27/94 Contract Research INBIFO INBIFO Institut für biologische Forschung GmbH TELEFAX MESSAGE No.: INBIFO bioloische Forschnung GmbH Fuggesstr 3- D- 51149 Cologne 28 Apr. 98 Dr. Wolf Reininghaus Dr. Don Leyden, Dept. Scientific Affairs "
0060173256,train,data/raw/funsd/dataset/training_data/images/0060173256.png,data/raw/funsd/dataset/training_data/annotations/0060173256.json,38,67,19,16,2,1,"Description Displays BRANDS Adjustment Carlton Amount Displays 31,000.00 (31,000.00) Distribution: 5/5 0.00 Date Date Date Date THE AMERICAN TOBACCO COMPANY APPROVED MARKETING PROJECT EXPENSE RECOMMENDATION S0002 Supp 2 Private Stock Current Budget $ 7,569,000.00 Revised Budget $ 7,569,000.00 $ 0.00"
0060207528,train,data/raw/funsd/dataset/training_data/images/0060207528.png,data/raw/funsd/dataset/training_data/annotations/0060207528.json,44,177,20,17,3,4,"CONTRACT: CLIENT: MARKET: 9 45 54 TOTAL ILLUMINATED REGULAR D.E.C S.P.V. 534.1 SIGNATURE DATE ATT. 527.6 LAURENCE, CHARLES, FREE & LAWSON, INC. 260 MADISON AVENUE, NEW YORK, NY 10016 (212) 213- 4646 30- SHEET POSTING COMPLETION REPORT FORM PLEASE RETURN TWO (2) COPIES OF THE LOCATION LIST ALONG WITH"
0060214859,train,data/raw/funsd/dataset/training_data/images/0060214859.png,data/raw/funsd/dataset/training_data/annotations/0060214859.json,38,134,15,20,0,3,Report 517 ACCEPTED XX REJECTED Date Supplier Comments: Distribution: 6926 Telephone# By No 436 505991060 Material Tested P- 830 GLASS FIBER 10- NOV- 1986 OWENS CORNING 2 ROLLS Quantity Received Lot or Sample# ROLL 34 & 35 11- 6- 86 Date Received Following physical/ visual properties out of specific
0060255888,train,data/raw/funsd/dataset/training_data/images/0060255888.png,data/raw/funsd/dataset/training_data/annotations/0060255888.json,33,138,12,12,2,7,"Date: Contact: Agency: Address: Client: Products: 20 30 60 20 30 60 AMERICAN BROADCASTING COMPANY TELEVISION NETWORK 1330 Avenue of the Americas, New York, New York 10019 LT - 7777 October 9, 1968 Mr. Mary Goldsmith BBDO Inc. 383 Madison Avenue New York 10017 American Tobacco Co. Tareyton Cigarettes"
0060262650,train,data/raw/funsd/dataset/training_data/images/0060262650.png,data/raw/funsd/dataset/training_data/annotations/0060262650.json,81,233,39,30,3,9,Telephone: TELEPHONE AME AFFILLATION DDRESS TELEPHONE AFFILIATION AME DDRESS Position resider Affiliation Affiliation Position Position Affiliation Topic. Affiliation Topic Position Position Position Affiliation Tοpic Affiliation Topic Professor Professor Professor Cytogeneticist Topic Annual Meetin
0060270727,train,data/raw/funsd/dataset/training_data/images/0060270727.png,data/raw/funsd/dataset/training_data/annotations/0060270727.json,85,174,36,21,2,26,"1987 MALIBU NONMENTHOL: (1) FILTER MENTHOL: ""TAR"": - - - - - 94 NICOTINE: 34 0 38 1 20 1 (2) (3) (4) (5) (6) (7) (8) (9) (10) (11) (12) (13) (14) (15) (16) (17) (18) (19) (20) (21) (22) (23) (24) (25) (26) CIGARETTE REPORT FORM YEAR COVERED: BRAND FAMILY NAME: VARIETY DESCRIPTION: King Size, Filter "
0060302201,train,data/raw/funsd/dataset/training_data/images/0060302201.png,data/raw/funsd/dataset/training_data/annotations/0060302201.json,34,182,17,16,1,0,NAME: COMMENTS: none DIVISION COMMENTS yes RESEARCH COMPLETED OR IN PROGRESS WHICH HAS POSSIBILITIES FOR PRESENTATION OR PUBLICATION Ronald. W Davis Analytical- Radiochemistry NATURE OF WORK: Total aldehyde analysis in cigarette mainstream PRESENT STATUS OF WORK (Cite progress reports where appropri
0060308251,train,data/raw/funsd/dataset/training_data/images/0060308251.png,data/raw/funsd/dataset/training_data/annotations/0060308251.json,19,47,8,8,3,0,Date Signature From To NOTE: 3 2 A. T. Co. Tar & Nicotine Change Form 7/ 24/ 90 CARLTON 100's FMSP Brand & Style Tar (Mg /Cigt) Nicotine (Mg /Cigt) Tar (Mg /Cigt) Nicotine (Mg/ /Cigt) 0 .2 0 .3 Use Separate Form For Each Change
0060308461,train,data/raw/funsd/dataset/training_data/images/0060308461.png,data/raw/funsd/dataset/training_data/annotations/0060308461.json,61,153,31,28,2,0,"NICOTINE: NONMENTHOL: NONFILTER: 1985 King 20's X X 2,303 3,890 741 71,445 193 - 12,787 95,614 291,095 155,718 476,722 85,208 26,055 1,221,771 CIGARETTE REPORT FORM (1) YEAR COVERED: (2) BRAND FAMILY NAME: (3) VARIETY DESCRIPTION (4) PRODUCT LENGTH: (5) FILTER: (6) HARD PACK SOFT PACK: (7) MENTHOL: "
0071032790,train,data/raw/funsd/dataset/training_data/images/0071032790.png,data/raw/funsd/dataset/training_data/annotations/0071032790.json,26,80,12,12,1,1,"PROJECT OBJECTIVE: DATE: BTF - To: Files CONFIDENTIAL EPB: cc: ODL PROJECT INITIATION FORM September 16, 1980 PROJECT CODE: PROJECT NAME: PROJECT LEADER: WORK REQUESTED BY: E. P. Barbee R. S. Sprinkle, III To develop cigarette Cigarette to utilize a filter tip with longitudinal grooves from the mout"
0071032807,train,data/raw/funsd/dataset/training_data/images/0071032807.png,data/raw/funsd/dataset/training_data/annotations/0071032807.json,18,74,8,8,1,1,"Date Marketing Mann Project Initiation Form November 15, 1968 CST- N- 68 Project Code Project Name Charcoal Smoking Tobacco Project Leader Work Requested by Project Objective A pipe tobacco containing activated charcoal - must show vapor phase reduction. Smoking Deval Tobacco Other personnel assigne"
00836244,train,data/raw/funsd/dataset/training_data/images/00836244.png,data/raw/funsd/dataset/training_data/annotations/00836244.json,93,203,33,39,5,16,"COMPOUND SOURCE: INVESTIGATOR(S) SIGNATURE(S) LORILLARD NO REPORTED: LOT NO. CONCLUSION TA98 TA100 TA1535 TESTED SOLVENT DMSC ☑ 50 80 100 .5 .90 .96 .92 .85 .88 .97 .92 .92 .79 .83 .97 500 250 125 4 2 .86 .30 00836244 AMES ASSAY FOR MUTAGENICITY 2, 4- Dihydroxypyridine Lorillard - Organic Chemistry "
00836816,train,data/raw/funsd/dataset/training_data/images/00836816.png,data/raw/funsd/dataset/training_data/annotations/00836816.json,30,183,14,9,3,4,00836816 SIGNATURE DATE TO A30 pH ORAL SOLUBILITY COMPOUND PHYSICAL PARAMETERS LRC FILE NUMBER LOT NUMBER PHYSICAL STATE Clear Colorless liquid The pH of a 50 % concentration of A30 in (52.6% dioxane/ water was calculated to be 8.13 at 24 C according to the extrapolation procedures by Dr. P. D. Schi
00837285,train,data/raw/funsd/dataset/training_data/images/00837285.png,data/raw/funsd/dataset/training_data/annotations/00837285.json,79,227,22,48,3,6,CLASS A32 SOLUBILITY WATER OTHER MEASURED SALT BASE ACID REACTIVITY UNCHANGED UNCHANGED UNCHANGED UNCHANCED UNCHANGED UNCHANGED DECOMPOSITION DECOMPOSITION DECOMPOSITION DECOMPOSITION DECOMPOSITION DECOMPOSITION UNCHANGED UNCHANGED UNCHANGED UNCHANGED UNCHANGED UNCHANGED DECOMPOSITION DECOMPOSITION 
00838511_00838525,train,data/raw/funsd/dataset/training_data/images/00838511_00838525.png,data/raw/funsd/dataset/training_data/annotations/00838511_00838525.json,18,62,7,7,1,3,"NAME STRUCTURE II COMMENTS A41 00838511 DATE DECISION TREE ESTIMATION OF TOXIC RISK Paul Schickedantz, Jack Reid 12- 4- 80 COMPOUND NAME 2-Hydroxycyclododecanone OH O ESTIMATED TOXICITY CLASS LORILLARD COMPOUND CODE NUMBER This carbocyclic keto alcohol was placed in estimated toxicity class II due t"
00851772_1780,train,data/raw/funsd/dataset/training_data/images/00851772_1780.png,data/raw/funsd/dataset/training_data/annotations/00851772_1780.json,33,114,18,8,3,4,"TYPE COMBINED ☑ NAME NAME COMPOUND B73 DATE N/A DATES REVIEWED 00851772 II. (cont'd) Toxline 1929-1966 INFORMATION SEARCH SUMMARY CHEMICAL ☐ BIOLOGICAL ☐ May 27, 1982 Valerian Fluid Extract Jimmy Bell LORILLARD COMPOUND CODE REGISTRY NUMBER (IF applicable) LITERATURE SURVEYED Registry of the Toxic E"
00851879,train,data/raw/funsd/dataset/training_data/images/00851879.png,data/raw/funsd/dataset/training_data/annotations/00851879.json,28,141,11,8,2,7,Date 5-13-81 Subject Date 5-13-81 Method ☑ increased decreased 00851879 Verbal Phone (Means of communication) Estimated cost of the study will be: not affected Description of change order: The change was made so the protocol more closely conforms with the proposed regulations as stated in the Federa
00860012_00860014,train,data/raw/funsd/dataset/training_data/images/00860012_00860014.png,data/raw/funsd/dataset/training_data/annotations/00860012_00860014.json,63,199,31,12,5,15,"4 3212 D, Sereta B121 SIGNATURE EXPLOSIVE FLAMMABLE RADIOACTIVE SOLID X LIQUID PRESSURIZED COLOR Brown 00860012 DESSICATOR FREEZER OTHER ☑ HAZLETON LABORATORIES AMERICA INC 9200 LEESBURG TURNPIKE VIENNA VIRGINIA 22180 USA PROJECT SHEET December 13, 1983 DATE ISSUED PROJECT SHEET NO PROJECT NO. 642 1"
00865872,train,data/raw/funsd/dataset/training_data/images/00865872.png,data/raw/funsd/dataset/training_data/annotations/00865872.json,40,136,15,16,1,8,B164 pH Reference: ORAL SOLUBILITY ACUTE CADCOVASCULAR Reference: 00865872 COMPOUND TO SENSITIVE SIGNATURE: [] OTHER [MOISTURE] [] HEAT [] Air SAFETY PROCEDURE (SUGGESTED COMMENT: DATE 8/22/83 COMPOUND PHYSICAL PARAMETERS LRC FILE NUMBER LOT NUMBER PHYSICAL STATE Brownish- gray powder The pH of a 50
00866042,train,data/raw/funsd/dataset/training_data/images/00866042.png,data/raw/funsd/dataset/training_data/annotations/00866042.json,65,195,32,12,5,16,"EXPLOSIVE FLAMMABLE RADIOACTIVE SOLID LIQUID PRESSURIZED Colorless X COLOR 1 642-138 B166 SIGNATURE: D. 9/28/83 20.845 ☑ DESSICATOR FREEZER OTHER B166 3212 ☑ 00866042 HAZLETON LABORATORIES AMERICA INC PROJECT SHEET 9200 EESAURG TURNPIKE VIENNA VIRGINIA 22180 USA DATE ISSUED Oct. 11, 1983 PROJECT SHE"
00920222,train,data/raw/funsd/dataset/training_data/images/00920222.png,data/raw/funsd/dataset/training_data/annotations/00920222.json,44,183,24,12,2,6,"VENDOR TERMS VIA Attn: NET DATE UNIT PRICE DESCRIPTION QUANTITY CODE 00920222 15 - 4111 9590 PURCHASE REQUISITION ☐ PURCHASING ☐ STATIONARY Borriston Laboratories, INC. , 5050 Beech Place Temple Hills, MD 20748 ORDER NO. March 27, 1984 1332 REV L1 16 79 PLEASE INCLUDE ONLY ONE TYPE OF MATERIAL ON TH"
00920294,train,data/raw/funsd/dataset/training_data/images/00920294.png,data/raw/funsd/dataset/training_data/annotations/00920294.json,50,91,17,15,2,16,"970220 To: From: Date: Mailfile Description Quantity: Maildate: Program#: Seeds Suppression Notes 1 2 3 4 7 6 8 9 10 5 5 25 273 700418 3, 984 System RJR Mailfile Table Update Sheet Alert Number RJR IR - Suz /Art Drew Huyett 3/ 7/ 97 102- Eclipse Program Group Corp/ Multibrand Mailfile ID: Mail Order"
00922237,train,data/raw/funsd/dataset/training_data/images/00922237.png,data/raw/funsd/dataset/training_data/annotations/00922237.json,35,165,21,10,1,3,"4111 9590 00922237 H.J. Minnemeyer QUANTITY CODE DESCRIPTION PURCHASING STATIONARY DATE Attn: VENDOR TERMS PURCHASE REQUISITION P.O. 1534 REV. 7/75 LT-9-75 PLEASE INCLUDE ONLY ONE TYPE OF MATERIAL ON THIS REQUISITION Microbiological Associates 5221 River Rd., Bethesda MD 20816 ORDER NO. Prev. or Rec"
01073843,train,data/raw/funsd/dataset/training_data/images/01073843.png,data/raw/funsd/dataset/training_data/annotations/01073843.json,104,180,34,61,6,3,COMPOUND SOURCE INVESTIGATOR(S) SIGNATURE(S): 50 80 100 SOLVENT OMSO REPORTED TA1535 TA100 TA98 Streptozotocin CONCLUSION OR67-13 A123 4/14/81 BC19-25 3/18/81-4/8/81 unknown TESTED ☑ .025 25 12.5 6.25 9.67 14.00 1.10 .76 1.12 .52 1.07 118.00 4.0 2.0 1.0 0.5 .72 1.24 6.41 2.28 3.07 2.86 31.14 12.29 .
01122115,train,data/raw/funsd/dataset/training_data/images/01122115.png,data/raw/funsd/dataset/training_data/annotations/01122115.json,95,285,49,41,2,3,"RE DATE Remarks Color Supplier Weight Draw Tars Nicotine -339 .0 6 Good Good Good #450 3 1067 White ""D"" 24 .7 .844 SPRING AMF 85 Hauni 011221115 P. LORILLARD CO. (Revised 5/ 9/ 61) SQC -21 Bale No. Total Denier as Marked Total Denier as Tested % Moisture in Tow Maker No. T. E. 58 ,000 Research Divis"
01150773_01150774,train,data/raw/funsd/dataset/training_data/images/01150773_01150774.png,data/raw/funsd/dataset/training_data/annotations/01150773_01150774.json,33,177,11,9,1,12,Date: To: From: Room: Message: 803E 2064782104 TELEPHONE: TELEFAX TELEX CABLE COVLING COVINGTON & BURLING 1201 PENNSYLVANIA AVENUE N. W. P. O. BOX 7566 WASHINGTON D. C. 20044 7566 (202) 562 5000 LECONFIELD HOUSE CURZON STREET LONDON WIYIAS ENGLAND 44 71 495 5655 89- 193 COVLING WSH (202) 662-6291 BR
01191071_1072,train,data/raw/funsd/dataset/training_data/images/01191071_1072.png,data/raw/funsd/dataset/training_data/annotations/01191071_1072.json,24,58,9,8,2,5,"OPTION PAGE SHB 03 (AUTO) 207422272 Date: Attention: Company: Subject: 11/12/96 MEMORY STORAGE REPORT (NOV 12 96 05:49PM FILE FILE TYPE 083 MEMORY TX TEL NO. REMAINING CALL CAPACITY 299 Facsimile Transmission Legal Department 120 Park Avenue New York, NY 10017- 5592 PM PHILIP MORRIS John J. Mulderig"
01197604,train,data/raw/funsd/dataset/training_data/images/01197604.png,data/raw/funsd/dataset/training_data/annotations/01197604.json,30,97,14,13,1,2,"DESCRIPTION: SMOKER: REMARKS: 195 II 01197604 SAMPLE DESCRIPTION: Tar Number: Batch Number: Tobacco Number: Sample No. 1166, RD 308 OLD GOLD Straights + 3% KNO3 SAMPLE WEIGHT: 300 mm. tar, 100 mm acetone METHOD OF PREPARATION: Water removed by co- distillation with acetone under vacum at 45 C. NUMBE"
01408099_01408101,train,data/raw/funsd/dataset/training_data/images/01408099_01408101.png,data/raw/funsd/dataset/training_data/annotations/01408099_01408101.json,52,132,39,8,3,2,"DATE A. N- 306 B. MARKETING SIZE OF TARGET MARKET (BY BRAND OR COMPANY) UNITS UNITS UNITS UNITS COMMENTS 1st Qtr. 79 01408099 PROJECT STATUS REPORT CONFIDENTIAL March 1, 1978 REVISION # SECTIONS REVISED PROJECT NAME True 100's (R&M) PROJECT # TOTAL BUDGET PROJECT LEADER GENERAL PROJECT DESCRIPTION W"
11508234,train,data/raw/funsd/dataset/training_data/images/11508234.png,data/raw/funsd/dataset/training_data/annotations/11508234.json,111,239,59,39,6,7,"Date: Description: No. Budgeted: Yes Yes No No X X $ contract. Supplier 29,500 31,716 2,500 2,500 27,000 29,216 Projected: Wave(s) Waves(s) Wave(s) Project Type: 1995 500,000 382,575 29,500 0 353,075 146,925 Analyst Asst Mgr. Con Res (to $ 100,000) Musiclask Lumea Date: Date: Date: Date: Date: 46684"
11875011,train,data/raw/funsd/dataset/training_data/images/11875011.png,data/raw/funsd/dataset/training_data/annotations/11875011.json,30,178,11,5,1,13,TO: INSTRUCTIONS: FAX NUMBERS: 3. 465658104 1-23-95 BROWN & WILLIAMSON TOBACCO CORPORATION BID REQUEST FORM (QUALITATIVE RESEARCH) 1995- 13D H.L. Williams Goldfarb Consultants PROJECT NUMBER: B&W ORIGINATOR: 1. THE FOLLOWING DOCUMENT IS DIVIDED INTO TWO SECTIONS. SECTION ONE CONTAINS THE PROJECT DES
12052385,train,data/raw/funsd/dataset/training_data/images/12052385.png,data/raw/funsd/dataset/training_data/annotations/12052385.json,20,55,9,6,0,5,"KOOL DESCRIPTION: SUPPLIER: CUMULATIVE JAN 466024372 466024372 PROJECT NO. 1987- 144- K 0595- 529- 1510 -0 KMDP ANALYSIS UTILIZING BLACK SWITCHING STUDY DATA C. B. Pugh Market Facts 12, 500 (10- 15- 87) CARRYOVER TO 1988 -- 0 MR PERSONNEL: AUTHORIZED COST: RELEASED TO ACCTG PAID OUT OF 1987 BUDGET P"
12603270,train,data/raw/funsd/dataset/training_data/images/12603270.png,data/raw/funsd/dataset/training_data/annotations/12603270.json,78,157,32,23,2,21,"Date: Description: Supplier: # 51 Reasons: Increase ( CANCELLED 1985 3,669,000 252,955 +58,500 311.455 3,357,545 0 Original cc: Date Date Date Date Date A. J. Mellman L. E. Gravely J. F. Wilhelm 1985-39NP 681925993 /big:jfw00017 CHANGE OF AUTHORIZED COST June 21, 1985 RICHLAND 100's Brand Name: Amel"
12825369,train,data/raw/funsd/dataset/training_data/images/12825369.png,data/raw/funsd/dataset/training_data/annotations/12825369.json,43,199,19,17,3,4,"MARKET POPULATION OPERATOR BRAND SCHEDULE FULL INSPECTION NUMBER VIEWED Lakeland Metro Market Misty SPOT CHECK TYPE OF DISPLAY PERMANENT LOCATION DESIGN ON DISPLAY ☑ ROTARY COMMENTS: COMMENT ON PLANT: INSPECTION BY LAURENCE, CHARLES, FREE & LAWSON, INC. BULLETIN ADVERTISING- INSPECTION REPORT 400.40"
13149651,train,data/raw/funsd/dataset/training_data/images/13149651.png,data/raw/funsd/dataset/training_data/annotations/13149651.json,75,333,54,11,5,5,☑ ORIGINAL Subject State: Local: 1. 3. 4. ☑ ☑ Yes ☐ ☐ ☑ ☑ GPR PRO Agency 262-6423 Date 2-2-83 680534113 1981 Session Amendment No. if Applicable LRB 1946 LRB Or Bill No. han Au No ☐ UPDATED ☐ SUPPLEMENTAL ☐ CORRECTED FISCAL ESTIMATE AD MBA 23 (Rev 11/80 Regulation of Smoking Public Places Fiscal Eff
660978,train,data/raw/funsd/dataset/training_data/images/660978.png,data/raw/funsd/dataset/training_data/annotations/660978.json,30,106,12,11,1,6,DATE: PLACE: NO. CLIENT: PRODUCT: PRESENT: SUMMARY: CONFIDENTIAL PH: cc: 670121460 mg Telephone Viceroy GREY ADVERTISING INC. - MEETING REPORT FEB 23 1982 Brown & Williamson 1/ 19/ 82 482 -2 R1 (For the client) T. Parrack DATE OF REPORT: 2/ 17/ 82 (For the agency) P. Hendricks Written by: P. Hendric
71108371,train,data/raw/funsd/dataset/training_data/images/71108371.png,data/raw/funsd/dataset/training_data/annotations/71108371.json,82,267,40,14,7,21,Department: System: x 7970 x X 4/20/98 4/17/98 Immediate High Medium Low Defer PRIORITY designed MIS PROJECT REQUEST PART I - CLIENT REQUEST Requested by: Karl Hutchison Project Number: (assigned by MIS) BD & SS Phone Number: Date Submitted: Date Required: REQUEST TYPE REASON CODE 1. Enhancement 2. 
71190280,train,data/raw/funsd/dataset/training_data/images/71190280.png,data/raw/funsd/dataset/training_data/annotations/71190280.json,38,75,19,12,4,3,"Signature Department Date Date Department Signature T&N WARNING DATE 44 8' 33/16""WX21/2""H 10/22/98 (Date) REVISIONS BRAND DESCRIPTION 7848 JOB NO. BROWN & WILLIAMSON TOBACCO CORPORATION B&W INC KOOL Natural Passport Winter Program Ad- EMRO 7.96875 sq inches SQ. INCHES/FEET TRIM SIZE Exhibt 1(a) Stat"
71202511,train,data/raw/funsd/dataset/training_data/images/71202511.png,data/raw/funsd/dataset/training_data/annotations/71202511.json,79,222,42,28,4,5,"Date: Description: Supplier Budgeted: Yes Yes 3,000 58,500 X X No No No. Wave (s) Qualatative $ Analyst Date: Date: Date: Date: Date: Original: CC: MRADOM MA ETING RESEARCH AUTHORIZ ON (DOMESTIC) (Recommended Proposal Attached) 2/ 26/ 98 KOOL Natural Lights Packaging - Round I 1998 -18D Requested by"
71206427,train,data/raw/funsd/dataset/training_data/images/71206427.png,data/raw/funsd/dataset/training_data/annotations/71206427.json,31,65,13,12,2,4,"ITEM: DATE: BRAND: SUMMARY OF PROJECT: Attached See FUNDING: SIGNATURES: 4514cbta PROJECT BRIEF June 1, 1990 General Merchandising Nonspecific Package Fixture Circle-K Convenient Stores SUPPLIERS BEING CONSIDERED: Chicago Show Display Equation Chicago Display Robert Nielson & Associates 1990 Customi"
71341634,train,data/raw/funsd/dataset/training_data/images/71341634.png,data/raw/funsd/dataset/training_data/annotations/71341634.json,104,251,44,34,5,21,Home Office Check 20182 Request Attention: Address: No City State CA 94080 OR Quantity Units Amount 288 296 725 725 CTNS CTNS Date 39A00A 0607 ID# Verification Ref Date Vendor# Check# Description Account# Department Product Amount Date: 00000 Check Y N Distribution: For 425 481 31 46 PAGE 02 2101804
71366499,train,data/raw/funsd/dataset/training_data/images/71366499.png,data/raw/funsd/dataset/training_data/annotations/71366499.json,34,88,17,11,3,3,"BRAND DESCRIPTION DATE WARNING 7559 BKOOL NA Signature Department Date Date Department Signature REVISIONS BROWN & WILLIAMSON TOBACCO CORPORATION B & W JOB NO. CMS Amerada Hess Dispenser Sign 12/ 15/ 97 261 sq SQ. INCHES/FEET 14 1/2 X 18"" TRIM SIZE 3A 14 1/2"" X 8"" - 116 sq."" T & N OTT APPROVALS B & "
71563825,train,data/raw/funsd/dataset/training_data/images/71563825.png,data/raw/funsd/dataset/training_data/annotations/71563825.json,54,242,18,26,3,7,Date: Market(s): Male: Female: Bogotá: Medellin: Note: # Other COLOMBIA KOOL 60% 40% 1) 2) 3) 4) Market Research - Initiating Project Brief Brief Number Client Group: 02/ 12/ 98 R. B. U. Brand Group Client Contact: Maria Helena Argüelles/ Edwin Garcia Research Liaison: Camilo Concha/ Andrea Suarez P
71601299,train,data/raw/funsd/dataset/training_data/images/71601299.png,data/raw/funsd/dataset/training_data/annotations/71601299.json,37,249,15,17,3,2,"Date Number Project (s) in (s) Marketing Research - CPT Initiating Brief 15. 03. 2000 BAT Korea Client Group Client Contact Alberto Marcheggiano Kyu Yeon Hwang Research Liaison Subi. Jeong to be assigned by Brown & Williamson USA Dunhill Lights, CPT Project Name/ Description: Market (s) / Zone (s) S"
716552,train,data/raw/funsd/dataset/training_data/images/716552.png,data/raw/funsd/dataset/training_data/annotations/716552.json,68,228,37,21,5,5,DESCRIPTION DESIGN NO 272972 ☑ USE: OFFICIAL ☑ DOMESTIC ☐ (GRAVURE) NO ☑ BRANCH REPLACEMENT LOUISVILLE PETERSBURG MACON DESCRIPTION BRANCH LOUISVILLE PETERSBURG 80- 15 272972 COMMENTS: MACON 680115980 QNED: DATE: BROWN & WILLIAMSON TOBACCO CORPORATION MATERIAL SPECIFICATION DESIGN CHANGE AUTHORIZATI
80310840a,train,data/raw/funsd/dataset/training_data/images/80310840a.png,data/raw/funsd/dataset/training_data/annotations/80310840a.json,65,213,35,18,2,10,"Scott Job#: Revision ☑ Reason: 803108404 Pasholuk Jan Feb Jul Aug Sep Oct Nov Dec Director MPIO 5543/295 1 # Mar Apr May Jun January 18, 1998 Date: PROJECT APPROVAL MARKET PLANNING AND INFORMATION DEPARTMENT Sales Analysis ☐ Consumor Research ☑ Newport Lights Direct Mail Conversion Research Project "
80707440_7443,train,data/raw/funsd/dataset/training_data/images/80707440_7443.png,data/raw/funsd/dataset/training_data/annotations/80707440_7443.json,27,184,13,12,0,2,"CLIENT: PRODUCT: PUBLICATION ISSUE: SPACE: DATE: ALTERNATIVES: HEADLINE: ILLUSTRATION: 80707440 LORILLARD CORPORATION Kent, Newport, True and Old Gold JOB NO: Daily Newspapers August 19, 1969 1000 lines B&W 1750 lines 2- color 8/ 8/ 69 New York Football Fans LEAD- IN: Los Angeles Football Fans Chica"
80718412_8413,train,data/raw/funsd/dataset/training_data/images/80718412_8413.png,data/raw/funsd/dataset/training_data/annotations/80718412_8413.json,26,83,11,11,2,2,"MARKET: PRODUCT: QUANTITIES: Date: Place: Time: 3 Boston 80718412 FEDERAL DISTRIBUTING CORPORATION CIGARETTE SAMPLING PROGRAM Old Gold Lights October 3 through October 5 SAMPLING DATES: * SAMPLING HOURS: * 9: 30 a. m. - 5: 30 p. m. 270, 000 NUMBER OF SAMPLING PERSONNEL: 24 per day NUMBER OF SUPERVIS"
80728670,train,data/raw/funsd/dataset/training_data/images/80728670.png,data/raw/funsd/dataset/training_data/annotations/80728670.json,36,119,20,12,2,2,TO: FROM: DATE: Air Auto Train Other Dates Boston XX X 80728670 FIELD TRIP J. R. Mueller Mary Anne Kayiatos 2 /28 /84 Please make the necessary Field Trip arrangements for Ted van de kamp Purpose of trip To evaluate Satin's overall performance and results of Special Cities. Division (s) to be contac
81186212,train,data/raw/funsd/dataset/training_data/images/81186212.png,data/raw/funsd/dataset/training_data/annotations/81186212.json,11,61,7,0,1,3,"Date: 81186212 4/79 New Competitive Activity Please fill in the following information, as appropriate and send to C. W. Toti, Marketing Services Director, at the New York Office. Thank you. Reported by: Manufacturer & Brand: Type of product, size(s) & list price: Extent of distribution: Information "
81310636,train,data/raw/funsd/dataset/training_data/images/81310636.png,data/raw/funsd/dataset/training_data/annotations/81310636.json,28,76,11,9,1,7,"6692 B83 test Misc 81310636 COMPOUND STRUCTURE Litton Bionetics Genetic Assay No. COMPOUND CODE Chem Abstr# N/ A Proprietary Mixture Compound Name ASSAY RESULT M. Lymph: negative with S9 activation, positive without S9 activation; Rerun: negative without S9 activation, border- line positive with S9 "
81574683,train,data/raw/funsd/dataset/training_data/images/81574683.png,data/raw/funsd/dataset/training_data/annotations/81574683.json,105,234,47,46,4,8,Date: 3/27/84 84-C-7 Cicarettes Filters BLEND CASING RECASING 1077-84 7773 7774 attached Maker Length Filter Length Circumference Weight Paper MENTHOL 8098 mm 370mm 24.7mm E- 626 1509C 81574683 Wrapping Labels Closures Cartons Markings white blue white white Responsibility Shipping Other Newan Stein
81619486_9488,train,data/raw/funsd/dataset/training_data/images/81619486_9488.png,data/raw/funsd/dataset/training_data/annotations/81619486_9488.json,62,158,35,19,2,6,"TO: FROM: x GEOGRAPHY REGION: FULL PARTIAL PARTIAL FULL DIVISION: SUBJECT: 12 13 7 X DISTRIBUTION 70 121 81619486 S. P. ZOLOT SUBMISSION DATE R. W. Richardson JUNE 29 AUG 10 SEPT 21 NOV 9 MAVERICK SPECIALS EXPANSION MARKETS PROGRESS REPORT (ONLY IF PARTIAL REGION, CONTINUE WITH DIVISION (S) SCOPE) D"
81619511_9513,train,data/raw/funsd/dataset/training_data/images/81619511_9513.png,data/raw/funsd/dataset/training_data/annotations/81619511_9513.json,82,210,33,40,6,3,TO: FROM: S.P. Zolot C.J. Leiker ☑ SUBJECT: GEOGRAPHY REGION: DIVISION: FULL x PARTIAL FULL PARTIAL 23 21 15 17 82 25 31 17 15 39 25 460 79 17 112 MAVPROG.XLS 81619511 SUBMISSION DATE MAY 19 AUG 11 SEP 22 JUN 30 MAVERICK SPECIALS MENTHOL- PROGRESS REPORT (ONLY PARTIAL REGION CONTINUE WITH DIVISION(S
81749056_9057,train,data/raw/funsd/dataset/training_data/images/81749056_9057.png,data/raw/funsd/dataset/training_data/annotations/81749056_9057.json,77,184,28,36,3,10,"TO: FROM: SUBJECT: X None DISTRIBUTION PACKING % % 542 475 479 451 22% 19% 19% 18% 365 346 371 355 36% 34% 35% 36% 100's 2.471 1,020 30 $ 20 30 3.00 PACKS CARTONS DORAL BASIC G.P.C 12/8/97 81749056 12/08/97 09: 01 FAX 1 732 583 8977 LORILLARD TOE CO NYO - SALES 002/ 003 S. P. ZOLOT S. P. McBride ARE"
82254638,train,data/raw/funsd/dataset/training_data/images/82254638.png,data/raw/funsd/dataset/training_data/annotations/82254638.json,65,162,24,20,5,16,"TO: FROM: #CASES ITEMS 7/11/97 1 29-980-7 400 400 400 400 7/11/97 198-820-0003 REQFORM 82254638 01/17/97 Attendence 140 250 (314)739-8090 DIV. NAME/ NO: SAM ZOLOT W. R. KNIGHT - MCA ST. LOUIS, MO DATE TO CORP: 1997 SPECIAL EVENT REQUEST FORM NAME OF EVENT: *DATE OF EVENT: Lorillard Metro Golf Outing"
87533049,train,data/raw/funsd/dataset/training_data/images/87533049.png,data/raw/funsd/dataset/training_data/annotations/87533049.json,45,118,21,20,2,2,FROM: TO: cc: TRUE N/A N/A N/A $2.00 Carton ANALYTICAL REQUIREMENTS: 87533049 530430 1112 COUPON CODE REGISTRATION FORM J. La Valle S. A. Rapisarldi R. G. Ryan Brand (s) Applicable Media Type Media Name *Issue Frequency / Year * Space / Color Coupon Issue Date Coupon Expiration Date Circulation (#) 
87672097,train,data/raw/funsd/dataset/training_data/images/87672097.png,data/raw/funsd/dataset/training_data/annotations/87672097.json,82,216,33,43,3,3,COMPOUND SOURCE Mapleine Crescent TESTED: REPORTED B75 MALE FEMALE SOURCE X T P. ☑ OTHER ☑ 1 2 3 4 5 100 100 100 100 100 5000 6000 7200 8640 10368 CONCLUSION: 87672097 3/5/81 ACUTE TOXICITY IN MICE LORILLARD NO LOT NO DATE RECEIVED 12 /4 /80 3 /12 /81 -3 /24 /81 3 /30 /81 BC19 -15 NOTEBOOK PAGE: H. 
87682908,train,data/raw/funsd/dataset/training_data/images/87682908.png,data/raw/funsd/dataset/training_data/annotations/87682908.json,31,125,23,3,2,3,Name: Institution: Address: Street City State First Middle Last Country Telephone: TOTAL 10) 87682908 46th Tobacco Chemists' Research Conference TH 46 TCRC REGISTRATION FORM Please type or print P. O. Box # ZIP Code Area Code: Name of spouse participating in the guest programs Monday (Y/ N) Tuesday 
88057519,train,data/raw/funsd/dataset/training_data/images/88057519.png,data/raw/funsd/dataset/training_data/annotations/88057519.json,17,37,10,2,1,4,Address City State Zip BRAND 1982 88057519 New SATIN 100's Direct Account Please Ship To Delivery Date No. OF CARTONS Satin Filter 100's Satin Menthol 100's Signature of Hetail Purchaser Order Taken By Sales Representative DIRECT ACCOUNT
88547278_88547279,train,data/raw/funsd/dataset/training_data/images/88547278_88547279.png,data/raw/funsd/dataset/training_data/annotations/88547278_88547279.json,40,229,19,16,2,3,"Sizes: Binding 88547278 Date: Qty: TEL: FAX: 19 Quotation Request APPLIED GRAPHICS Lorillard One Park Avenue New York, NY 10016 Attn: Neil Toumey Quotation To: July 7, 1993 Estimate No: 4854- 5 Account Executive: Peter Faucetta Jr. Quantities and Description: H/D 8 Pk. Wide Header 4 C/P + 2 Hits Day"
89368010,train,data/raw/funsd/dataset/training_data/images/89368010.png,data/raw/funsd/dataset/training_data/annotations/89368010.json,41,156,16,22,1,2,DATE 16/3/82 APPROVALS Accept Accept Accept 89368010 RA/QA FORM 9 FINAL REPORT AMENDMENT Study Name Study Number Initiation Date Date of Final Report (Review Completed Date) Part of Final Report to be Amended (Exact location) The attached is an addition to the I- 1725.001 Final Report 27 April 1982 
89386032,train,data/raw/funsd/dataset/training_data/images/89386032.png,data/raw/funsd/dataset/training_data/annotations/89386032.json,18,93,6,6,3,3,"EPL Multiple 1419A Species Mice 89386032 EXPERIMENTAL PATHOLOGY LABORATORIES, INC. QUALITY ASSURANCE REPORT CERTIFICATION Client Name Study Director Study Title Test Article Borriston Laboratories, Inc. Client Study No. Dr. William O. Iverson Pathologist Dr. Charley E. Gilmore Bioassay of Cigarette "
89817999_8002,train,data/raw/funsd/dataset/training_data/images/89817999_8002.png,data/raw/funsd/dataset/training_data/annotations/89817999_8002.json,29,155,13,12,2,2,TO FROM: SUBJECT: DISTRIBUTION ☑ 89817999 R. H. ORCUTT J. J. BUXTON SUBMISSION DATE: FEB 17 MAR 16 MAY 11 JULY 6 STYLE LIGHTS PROGRESS REPORT EFFECTIVENESS OF PRE- SELL (REPORT ON FEB. 17 ONLY). % OF DISTRIBUTION ACHIEVED IN RETAIL OUTLETS: 62% CLASSIFIED CALLS 10% ANNUAL CALLS PROMOTIONAL IMPACT: 
89867723,train,data/raw/funsd/dataset/training_data/images/89867723.png,data/raw/funsd/dataset/training_data/annotations/89867723.json,58,209,29,17,2,10,"file PRODUCT JOB# yes yes Director Manager no no Facility: Agency: Incidence Facility: Agency: 89867723 DATE X X MARKETING RESEARCH PROJECT APPROVAL April 27, 1981 (To be filled out by Marketing Research Department) New Products PROJECT TITLE No Side Stream Smoke Focus Groups 5546/ 1481 Research Des"
91104867,train,data/raw/funsd/dataset/training_data/images/91104867.png,data/raw/funsd/dataset/training_data/annotations/91104867.json,56,91,14,35,2,5,"17,000 8.000 16.000 19.000 25,500 18,000 20,000 29,000 4,000 10,000 8,500 10.000 6450 6460 6470 6560 Consumer Consumer Consumer Special 30,000 28,000 20,000 42,000 4,500) (10,000) (13,000) Sales ITEM Division Department LT-1.71 60,000 32,500 92,500 120,000 27,500 APPROVAL APPROVAL 91104867 DEPARTMEN"
91161344_91161347,train,data/raw/funsd/dataset/training_data/images/91161344_91161347.png,data/raw/funsd/dataset/training_data/annotations/91161344_91161347.json,148,255,71,72,4,1,TO: PRODUCT EF1 5546/478 Alabama Alaska Arizona Arkansas California Colorada Connecticut Delaware Florida Georgia Hawaii x x x x x x x x x x x x x x x x x x x x x x x x x x x x x x x x x x x x x Oklahoma Oregon Tennessee Texas Utah Vermont Virginia Washington Wisconsin Wyoming Louisiana Maine Maryla
91315069_91315070,train,data/raw/funsd/dataset/training_data/images/91315069_91315070.png,data/raw/funsd/dataset/training_data/annotations/91315069_91315070.json,26,82,17,3,4,2,TO: FROM: SUBJECT: DISTRIBUTION: ACCOUNT 100'S 9131506 R. H. ORCUTT SUBMISSION DATE: OCT 3 ☐ OCT 31 ☐ DEC 26 ☐ JAN 23 ☐ HARLEY- DAVIDSON 100'S CIGARETTES PROGRESS REPORT EFFECTIVENESS OF PRE- SELL (REPORT ON OCT. 3 ONLY). DIRECT ACCOUNT AND CHAIN VOIDS (USE X TO INDICATE A VOID). NO. STORES LTS. 100
91355841,train,data/raw/funsd/dataset/training_data/images/91355841.png,data/raw/funsd/dataset/training_data/annotations/91355841.json,34,94,8,24,1,1,"DATE: MANUFACTURER: CC: 91355841 COMPETITIVE ACTIVITIES AND PROMOTIONS A. L. EVERETT, MANAGER, CHAIN ACCOUNTS - ATLANTA, GA REPORTED BY: SEPT. 27, 1991 BROWN & WILLIAMSON BRAND (S) PROMOTED: KOOL CIGARETTES TYPE OF PROMOTION: SEE ATTACHMENTS HOW WIDESPREAD? OTHER COMMENTS: A. H. TISCH R. H. ORCUTT M"
91356315,train,data/raw/funsd/dataset/training_data/images/91356315.png,data/raw/funsd/dataset/training_data/annotations/91356315.json,35,100,9,24,1,1,"DATE: MANUFACTURER: 9135631 CC: COMPETITIVE ACTIVITIES AND PROMOTIONS REPORTED BY: VAL THURMAN, DIVISION MANAGER, LOUISVILLE, KY 4/ 26/ 91 SOURCE OF INFORMATION: SHORT STOP FOOD MARTS. LOUISVILLE, KY PHILIP MORRIS BRAND (S) PROMOTED: MARLBORO CIGARETTES TYPE OF PROMOTION: CARTON PROMOTION SWEEPSTAKE"
91361993,train,data/raw/funsd/dataset/training_data/images/91361993.png,data/raw/funsd/dataset/training_data/annotations/91361993.json,40,108,11,5,1,23,"DATE: TIME: MANUFACTURER: 91361993 cc: NEW COMPETITIVE PRODUCTS C. M. WIECHMANN, D. M. , LUBBOCK, TX REPORTED BY 10 /5 /92 R. J. REYNOLDS CARDINAL CIGARETTES (11 PACKINGS) BRAND NAME: TYPE OF PRODUCT: SIZE OR SIZES: LIST PRICE: EXTENT OF DISTRIBUTION: OTHER INFORMATION: SEE ATTACHMENT K. P. Augustyn"
91372360,train,data/raw/funsd/dataset/training_data/images/91372360.png,data/raw/funsd/dataset/training_data/annotations/91372360.json,33,138,10,11,4,8,"DATE TIME NAME: OFFICE: NAME: OFFICE: 11/4/93 COMMENTS: cc: 91372360 Lorillard TOBACCO COMPANY Nov. 4 93 16:33 KONICA FAX 285 P. 1 101 N. CLASSEN BLVD. SUITE 102. OKLAHOMA CITY OK. 73118 TELEPHONE 405) 543- 0455 or 04600460 FACSIMILE COVER PAGE 3:28 CST The following document, including cover page i"
91391286,train,data/raw/funsd/dataset/training_data/images/91391286.png,data/raw/funsd/dataset/training_data/annotations/91391286.json,44,104,20,20,2,2,"FROM: TO: CC: MEDIA CIRCULATION 1 5/19/93 11/30/93 25,461 PACK 2/3/93 8482 1.54 9076 91391286 COUPON CODE REGISTRATION FORM THOM SMITH VINCE LOSITO T. BAYLIES, L GIORDANO, V. LINDSLEY, M. MCGLYNN, S RAPISARLDI, B. maj HARLEY- DAVIDSON MAGAZINE- HOT ROD BRANDS(S) APPLICABLE ISSUE FREQUENCY/ YEAR SPAC"
91391310,train,data/raw/funsd/dataset/training_data/images/91391310.png,data/raw/funsd/dataset/training_data/annotations/91391310.json,41,85,20,17,3,1,"FROM: TO: CC: MEDIA SPACE/COLOR CIRCULATION M. BORSINI COUPON OCR-DEC 10/11/93 6/30/94 NATIONAL $.50 PACK 8/06/93 8470 916 80% 91391310 Marine B COUPON CODE REGISTRATION FORM VINCE LOSITO T. BAYLIES, L. GIORDANO V. LINDSLEY, J. SCHNEFF, S. RAPISARLDI, N, DISCENZA E LUNDBERG HARLEY -DAVIDSON DTS CPNS"
91581919,train,data/raw/funsd/dataset/training_data/images/91581919.png,data/raw/funsd/dataset/training_data/annotations/91581919.json,42,158,21,17,1,3,"Account Agency SS: Date 1/31/88 Insert Signed 91581919 4th New Albany Tribune advertisements. Bookkeeper MAR 08 RECO AFFIDAVIT OF PERFORMANCE From Newspaper New Albany Tribune Harley Davidson Cigarettes Lorillard Media Service State of County of Indiana ) Floyd ) Before me a Notary Public, personall"
91856041_6049,train,data/raw/funsd/dataset/training_data/images/91856041_6049.png,data/raw/funsd/dataset/training_data/annotations/91856041_6049.json,32,77,15,9,6,2,"HOURS: SPECIFICS: ☑ ☑ 0006 91856041 SPECIAL EVENT INFORMATION SHEET GENERAL INFORMATION: EVENT NAME: EVENT LOCATION: EVENT DATES: The USO Spring Festival 42nd- 57th Street, New York NY June 3, 1995 MONDAY- FRIDAY SATURDAY- SUNDAY llam- 6pm check applicable box(es): # OF BOOTH(S) ☐ SAMPLING & PREMIUM"
91903177,train,data/raw/funsd/dataset/training_data/images/91903177.png,data/raw/funsd/dataset/training_data/annotations/91903177.json,38,108,27,2,5,4,TO: FROM: ITEMS URBAN 198– 09-Apr-96 91903177 REQFORM K. A. SPARROW DATE TO NYO: DIV. NAME/ NO: SPECIAL EVENT REQUEST FORM NAME OF EVENT: * DATE OF EVENT: SAMPLES/ ITEMS REQUIRED: SAMPLE 10'S (400 PACKS PER CASE) # CASES NEWPORT K. S. NEWPORT 100'S NEWPORT LTS K. S. NEWPORT LTS. 100 KENT III K. S. K
91914407,train,data/raw/funsd/dataset/training_data/images/91914407.png,data/raw/funsd/dataset/training_data/annotations/91914407.json,30,111,9,7,6,8,"1 COMPANY TOBACCO Lorillard DATE: NAME: OFFICE: 14 NAME: COMMENTS: CC: 91914407 06/ 29/ 94 08: 25 LORILLARD 25 JAX SALES GENERAL NY 001 9143 PHILLIPS HWY. SUITE 120. JACKSONVILLE, FL 32256 TELEPHONE (904) 464 0800 FAX (904) 464 744 FACSIMILE COVER PAGE 6- 29- 94 TOTAL PAGES (INCLUDING COVER SHEET) P"
91939637,train,data/raw/funsd/dataset/training_data/images/91939637.png,data/raw/funsd/dataset/training_data/annotations/91939637.json,41,133,26,6,5,4,TO: FROM: DATE COUNTER POSTER FLOOR DATE: FROM TO TRUE PACKING PACKING TRUE MERCHANDISE: Date: 91939637 TRUE $3.00 CARTON COUPON PROMOTION PROMOTIONAL PERIOD: CONSUMER OFFER: DISPLAY BRANDS: DISPLAY AGREEMENT: May- June 1992 $3 Off Store Redeemable Carton Coupon Lorillard Representative will supply 
91974562,train,data/raw/funsd/dataset/training_data/images/91974562.png,data/raw/funsd/dataset/training_data/annotations/91974562.json,40,109,20,16,2,2,"FROM: TO: CC: KENT 1 MEDIA CIRCULATION 00862 490 890 91974562 COUPON CODE REGISTRATION FORM THOM SMITH VINCE LOSITO D. WEST, L. GIORDANO, V. LINDSLEY, A. SADOVNICK S. RAPISARLDI B. DAVIN. A. Pasheluk KENT HEAVY UP TEST DIRECT MAIL CPNS New Names BRANDS(S) APPLICABLE DIRECT MAIL ISSUE FREQUENCY/ YEAR"
92039708_9710,train,data/raw/funsd/dataset/training_data/images/92039708_9710.png,data/raw/funsd/dataset/training_data/annotations/92039708_9710.json,23,77,14,3,2,4,TO: FROM: SUBJECT: 92039708 SUBMISSION DATE MAY 27 ☐ JUN 24 ☐ AUG 26 ☐ OCT 07 ☐ MAVERICK SPECIALS- PROGRESS REPORT R. B. SPELL EFFECTIVENESS OF: Pre- Sell Booklet /Coupon Maverick /Harley B1 G1 F (Report on May 27 only) PRE- SELL BOOKLET/ COUPON MAVERICK/ HARLEY B1 G1 F COMPETITIVE PROMOTIONAL ACTIV
92081358_1359,train,data/raw/funsd/dataset/training_data/images/92081358_1359.png,data/raw/funsd/dataset/training_data/annotations/92081358_1359.json,54,159,22,24,2,6,DIVISION: 80% 5% 5% 10% 100% 0 0% 8 3% 162 53% 76 25% 100% 19% 57 303 Liquor ANNUALS TOTAL % 92081358 URBAN CENTER INITIATIVE ASSIGNMENT PROFILE 11/30/93 17:07 708 369 1422 LORILLARD CHI 002/003 Chicago South LIST THE INFORMATION BELOW AS IT PERTAINS TO THE URBAN CENTER PORTION OF YOUR ASSIGNMENT ON
92091873,train,data/raw/funsd/dataset/training_data/images/92091873.png,data/raw/funsd/dataset/training_data/annotations/92091873.json,71,215,28,33,6,4,"Location Division Invitations: Mugs Posters 720 40 20 100 50 Unknown #Requested Date Rec'd Attendees: Counter Floor Posters 15 9 100 40 35 10 Food Cleanliness Service Fair Average X X X Excellent cc: 92091873 6/ 12/ 95 NEWPORT RACING EVENT SURVEY Leguna Seca, Monterey, Ca San Jose/ 933 T. L. Roberts"
92094746,train,data/raw/funsd/dataset/training_data/images/92094746.png,data/raw/funsd/dataset/training_data/annotations/92094746.json,68,154,35,17,8,8,LORILLARD DATE 28 SCOPE: AREA REGION DIVISION x POOR FAIR GOOD EXCELLENT POOR POOR POOR FAIR FAIR FAIR GOOD GOOD GOOD EXCELLENT EXCELLENT EXCELLENT x x x 28728 x x YES YES NO 92094746 N/ A NO* *EXPLAIN: COMMENTS: OTHER* *EXPLAIN: 09/ 08/ 95 16: 17 214 340 9308 NYO SLS GEN 00 /003 SPECIAL PROMOTION E
92094751,train,data/raw/funsd/dataset/training_data/images/92094751.png,data/raw/funsd/dataset/training_data/annotations/92094751.json,71,197,35,21,9,6,LORILLARD DATE SCOPE: *EXPLAIN: AREA REGION DIVISION OTHER* EXCELLENT EXCELLENT EXCELLENT EXCELLENT GOOD GOOD GOOD GOOD POOR FAIR FAIR POOR POOR FAIR FAIR POOR COMMENTS: *EXPLAIN: YES NO* NO YES 92094751 28 x x x x X x 09 /07 /35 15 15:48:48 317 8450971 001 /002 SPECIAL PROMOTION EVALUATION 03/ 07/ 
92298125,train,data/raw/funsd/dataset/training_data/images/92298125.png,data/raw/funsd/dataset/training_data/annotations/92298125.json,20,142,6,4,2,8,"TO: FROM: DATE: RE: PAGES: 92298125 JAN 19 96 05:27 PM AB RESEARCH ASSOC. P 1/ 16 AB Research Associates, Inc. TELECOPIER TRANSMITTAL COVER SHEET Revisions MARY MAZZA Pam Churchill JAN 19. 1995 (Including this cover sheet) CIGARETTE QUESTIONNAIRE Here is yet another version of the questionnaire. Ple"
92314414,train,data/raw/funsd/dataset/training_data/images/92314414.png,data/raw/funsd/dataset/training_data/annotations/92314414.json,31,243,11,9,2,9,"530: PAYROLL: 700 OTHER (Date) (Signature) 92314414 LOEWS/ LORILLARD PUBLIC AFFAIRS COMMITTEE CONTRIBUTION IDENTITY CARD 274- 38- 3042 ANDREW TISCH COMPLETE EITHER A OR B BELOW: A. I hereby authorize, until further notice, a voluntary contribution by salary deduction to the Loews/ Lorillard Public A"
92327794,train,data/raw/funsd/dataset/training_data/images/92327794.png,data/raw/funsd/dataset/training_data/annotations/92327794.json,19,77,7,5,2,5,"TO: FROM: DATE: P.1/8 8 92327794 Jul 22 93 02:42PM LORILLARD TOBACCO 919 373 6917 Lorillard TOBACCO COMPANY 2525E Market Street, P.O. Box 21688, Greensboro, North Carolina 27420 1688 VIA FACSIMILE (919) 378- 001 Ron Goldbrenner Becky Hayden July 22, 1993 NUMBER OF PAGES (INCLUDING COVER SHEET): OUR "
92433599_92433601,train,data/raw/funsd/dataset/training_data/images/92433599_92433601.png,data/raw/funsd/dataset/training_data/annotations/92433599_92433601.json,39,145,13,12,4,10,"Name Address City Novato State Telephone CA Defendant Plaintiff ( X ) ( ) X ) 92433599 1 94948 ( PRELIMINARY FACT SHEET NEW FILING - ASBESTOS LITIGATION (See General Order No. 29) (In Re: Complex Litigation) 1. Name, address and telephone number of law firm representing claimant: BRAYTON, GISVOLD. &"
92586242,train,data/raw/funsd/dataset/training_data/images/92586242.png,data/raw/funsd/dataset/training_data/annotations/92586242.json,33,84,16,9,6,2,"HOURS: SPECIFICS: (S) ☑ ☑ 92586242 3056 Newport pleasure! SPECIAL EVENT INFORMATION SHEET GENERAL INFORMATION: EVENT NAME: EVENT LOCATION: EVENT DATES: Upper Madisor Avenue Festival 68th -86th Street New York, NY June 4, 1995 MONDAY- FRIDAY SATURDAY- SUNDAY 11 am - 6 pm check applicable box(es) # OF"
92657311_7313,train,data/raw/funsd/dataset/training_data/images/92657311_7313.png,data/raw/funsd/dataset/training_data/annotations/92657311_7313.json,31,107,16,10,3,2,"TO: FROM: SUBJECT: DISTRIBUTION: X ACCOUNT NONE 92657311 100'S SUBMISSION DATE: R. B. SPELL S. J. Farnham HARLEY DAVIDSON 100'S CIGARETTES PROGRESS REPORT OCT 3 OCT 31 DEC 26 JAN 23, 1995 EFFECTIVENESS OF SELL (REPORT ON OCT 3 ONLY). DIRECT ACCOUNT AND CHAIN VOIDS (USE X TO INDICATE A VOID). NO. STO"
92657391,train,data/raw/funsd/dataset/training_data/images/92657391.png,data/raw/funsd/dataset/training_data/annotations/92657391.json,37,135,12,15,4,6,"Lorillard DATE: TIME: 3 NAME: OFFICE: NAME: OFFICE: COMMENTS: cc: 92657391 12/ 29/ 94 10: 14 713 591 0204 LORILLARD HOUS. NEW YORK SALES 001/ 003 FACSIMILE COVER PAGE 12/ 28/ 94 10: 15 The following document, including cover page is pages long. PLEASE TRANSMIT THIS DOCUMENT TO: FAX PHONE NUMBER: R. "
93213298,train,data/raw/funsd/dataset/training_data/images/93213298.png,data/raw/funsd/dataset/training_data/annotations/93213298.json,67,188,30,26,7,4,"Division Location Mugs Invitations: Posters Counter Floor Posters Fair Average Excellent Food Cleanliness Service Attendees: 10 8 8 2 0 0 0 0 0 0 0 10 X X X 10 93213298 NEWPORT RACING EVENT SURVEY Detroit - MCA R. L. Lavoie Division Mgr Date (s) DETROIT GRAND PRIX June 11, 1995 Date Submitted July 6"
93329540,train,data/raw/funsd/dataset/training_data/images/93329540.png,data/raw/funsd/dataset/training_data/annotations/93329540.json,42,115,11,29,1,1,"DATE: TIME: MANUFACTURER: cc: 93329540 NEW COMPETITIVE PRODUCTS REPORTED BY: A. REID, DIVISION MANAGER, SAN FRANCISCO, CA 8/ 13/ 93 AMERICAN TOBACCO COMPANY SPECIAL 10' s BRAND NAME: TYPE OF PRODUCT: SIZE OR SIZES: LIST PRICE: EXTENT OF DISTRIBUTION: OTHER INFORMATION: SEE ATTACHED COPY OF CIRCULAR "
93351929_93351931,train,data/raw/funsd/dataset/training_data/images/93351929_93351931.png,data/raw/funsd/dataset/training_data/annotations/93351929_93351931.json,48,111,22,21,4,1,"FROM: TO: CC: MEDIA September Pack Rebecca Magazines: Newspapers: Magazines: Newspaper: 93351929 COUPON CODE REGISTRATION FORM JESSICA ARATO VINCE LOSITO K. AUGUSTYN. L. GIORDANO, M. McGLYNN, S. RAPISARLDI BRANDS (S) APPLICABLE ISSUE FREQUENCY/ YEAR SPACE/ COLOR COUPON ISSUE DATE COUPON EXPIRATION D"
93380187,train,data/raw/funsd/dataset/training_data/images/93380187.png,data/raw/funsd/dataset/training_data/annotations/93380187.json,70,155,22,41,2,5,"FAXED FROM: TO: CC: TRUE 560,000 PROVIDENCE CAMDEN CONCORD SPRINGFIELD BALTIMORE HARTFORD SYRACUSE ROCHESTER BUFFALO DC WILMINGTON ALBANY 57288 1143 COUPON CODE REGISTRATION FORM -95 92 EXHIBIT MICHELLE LEPRE V. M. LOSITO S. A. RAPISARLDI J BAYLIES K. P. AUGUSTYN M. McGLYNN - BRAND(S) APPLICABLE - M"
93455715,train,data/raw/funsd/dataset/training_data/images/93455715.png,data/raw/funsd/dataset/training_data/annotations/93455715.json,37,144,8,27,1,1,"DATE: MANUFACTURERS: 4/7/88 93455715 cc: COMPETITIVE ACTIVITIES AND PROMOTIONS REPORTED BY: R. E. Klein, Regional Sales Manager, Cleveland, OH SOURCE OF INFORMATION: Best Cigarette Co., Mentor, OH R. J. REYNOLDS AND PHILIP MORRIS TYPE OF PROMOTION: SEE ATTACHED CORRESPONDENCE REGARDING: - R. J. REYN"
82092117,test,data/raw/funsd/dataset/testing_data/images/82092117.png,data/raw/funsd/dataset/testing_data/annotations/82092117.json,28,227,10,9,3,6,TO: DATE: 3 Fax: NOTE: 82092117 614 -466 -5087 Dec 10 '98 17 :46 P. 01 ATT. GEN. ADMIN. OFFICE Attorney General Betty D. Montgomery CONFIDENTIAL FACSIMILE TRANSMISSION COVER SHEET (614) 466- 5087 FAX NO. George Baroody (336) 335- 7392 FAX NUMBER: PHONE NUMBER: (336) 335- 7363 NUMBER OF PAGES INCLUDI
82200067_0069,test,data/raw/funsd/dataset/testing_data/images/82200067_0069.png,data/raw/funsd/dataset/testing_data/annotations/82200067_0069.json,64,181,21,31,5,7,TO: FROM: x SUBJECT: DIVISION: DIVISION: DIVISION: DIVISION: REGION: DIVISION: DIVISION: DIVISION: 225 27 15 31 18 19 20 82200067 09/ 17/ 97 10: 55 603 841 1898 LORILLARD PTLD ☑ 001 K. A. Sparrow T. D. Blachly OLD GOLD MENTHOL LIGHTS & ULTRA LIGHTS 100'S PROGRESS REPORT AUG 4 SEP 15 MAY 12 JUN 23 (O
82250337_0338,test,data/raw/funsd/dataset/testing_data/images/82250337_0338.png,data/raw/funsd/dataset/testing_data/annotations/82250337_0338.json,36,216,17,14,2,3,TO: FROM: DATE: MANUFACTURER: BRAND: Oct. Dec. Jan. Nov. X B&W 82250337 COMPETITIVE PRODUCT INTRODUCTION PROGRESS REPORT Sam Zolot Kool Waterfall All Packings TYPE OF PACKINGS: D. J. Landro 2- Dec- 97 REPORTING PERIODS: TEST MARKET GEOGRAPHY: Divisions 621 and 627 wisconsin PRICE POINT: FULLS $ P/ V
82251504,test,data/raw/funsd/dataset/testing_data/images/82251504.png,data/raw/funsd/dataset/testing_data/annotations/82251504.json,42,228,20,11,3,8,17 cc: : From: Area: Region: 5 X Chains: Independents: 82251504 11/05/97 11: 03 813 384 0683 LORILLARD TAMPA GREENSBOR 0002/ 003 Retail Excel Progress Report Submission for: Distribution by/ to: DM to RSM 1st of Month RSM to R W. C. 10th D. O. S. R. W. Caldarella Kent B. Mills July 31 August 29 Sept
82252956_2958,test,data/raw/funsd/dataset/testing_data/images/82252956_2958.png,data/raw/funsd/dataset/testing_data/annotations/82252956_2958.json,42,108,24,10,4,4,AUG 4 SEP 15 JUN 23 MAY 12 REGION: DIVISION: 7 7 TO: FROM: SUBJECT: OLOGOLD.XLS 82252956 GEOGRAPHY DISTRIBUTION 144/14 93 K. A. Sparrow SUBMISSION DATE D. J. Landro OLD GOLD MENTHOL LIGHTS & ULTRA LIGHTS 100'S PROGRESS REPORT (ONLY IF PARTIAL REGION CONTINUE WITH DIVISION (S) SCOPE) DIVISION NAME: D
82253058_3059,test,data/raw/funsd/dataset/testing_data/images/82253058_3059.png,data/raw/funsd/dataset/testing_data/annotations/82253058_3059.json,43,189,17,15,2,9,82253058 LORILLARD TO: FROM: DATE: AUG SEPT OCT NOV MANUFACTURER BRAND: X 12/ 10/ 36 09: 51 317 8450977 001/ 002 COMPETITIVE PRODUCT INTRODUCTION PROGRESS REPORT MRS. K. A. SPARROW R. J. Reynolds Camel Menthol Full Flavor Box and Light Box TYPE OF PACKINGS: R. G. Ryan 12/ 10/ 96 REPORTING PERIODS: (
82253245_3247,test,data/raw/funsd/dataset/testing_data/images/82253245_3247.png,data/raw/funsd/dataset/testing_data/annotations/82253245_3247.json,70,234,25,37,2,6,TO: FROM: SUBJECT: X PRE- SELL DISTRIBUTION Sheetz 18 150 183 21 82 106 87 5 23 35 43 Kroger cvs 82253245 K. A. Sparrow R. E. Lane SUBMISSION DATE JUNE 30 AUG 11 SEP 22 NOV 10 STYLE LOW PRICE PROGRESS REPORT EFFECTIVENESS OF: Transition Plan (Report on June 30 only) Overall pre- sell efforts were su
82253362_3364,test,data/raw/funsd/dataset/testing_data/images/82253362_3364.png,data/raw/funsd/dataset/testing_data/annotations/82253362_3364.json,105,230,32,62,5,6,TO: FROM: SUBJECT: ☑ GEOGRAPHY REGION: FULL X DIVISION: FULL PARTIAL PARTIAL DISTRIBUTION 20 15 29 44 17 34 15 20 22 27 15 37 Chevron Exxon Walgreen's ? ? ? ? ? ? ? 115 38 217 38 27 70 177 82253362 MAVPROGO K. A. Sparrow SUBMISSION DATE MAY 19 ☐ JUN 30 ☐ AUG 11 ☐ SEP 22 J. L. McGinnis MAVERICK SPECI
82254765,test,data/raw/funsd/dataset/testing_data/images/82254765.png,data/raw/funsd/dataset/testing_data/annotations/82254765.json,47,117,22,17,3,5,"TO: FROM: 1/24/97 2 1 1 1 ITEMS zbulan 82254765 01/17/97 REQFORM 1500 500 K. A. SPARROW DATE TO NYO: S. Reindel Nassau/ 107 DIV. NAME/ NO: 1997 SPECIAL EVENT REQUEST FORM NAME OF EVENT: ""DATE OF EVENT: 3/18/97 H. Levinson Tradeshow SAMPLE 10'S (400 PACKS PER CASE) SAMPLES/ ITEMS REQUIRED: NEWPORT K."
82491256,test,data/raw/funsd/dataset/testing_data/images/82491256.png,data/raw/funsd/dataset/testing_data/annotations/82491256.json,19,70,10,7,1,1,"COURT: JUDGE: Asbestos CASE FORM CASE NAME: LORILLARD ENTITIES: DATE FILED: DATE SERVED: CASE TYPE: PLAINTIFF COUNSEL: LORILLARD COUNSEL: TRIAL DATE: Wartnick, Chaber, Harowitz, Smith & Tigerman Madelyn J. Chaber 101 California Street, Suite 2200 San Francisco, California 94111 415 986- 5566 August "
82504862,test,data/raw/funsd/dataset/testing_data/images/82504862.png,data/raw/funsd/dataset/testing_data/annotations/82504862.json,18,65,10,6,1,1,"COURT: Asbestos JUDGE: CASE FORM CASE NAME: LORILLARD ENTITIES DATE FILED DATE SERVED CASE TYPE: PLAINTIEE'S COUNSEL: LORILLARD COUNSEL: TRIAL DATE: 82504862 946225115 Wartnick Chaber, Harowitz, Smith& Tigerman StephenM. Tigerman 101 California Street Suite 2200 San Francisco California 94111 August"
82562350,test,data/raw/funsd/dataset/testing_data/images/82562350.png,data/raw/funsd/dataset/testing_data/annotations/82562350.json,36,192,18,9,2,7,"Fax LORILLARD TOBACCO COMPANY 001/004 To: Fax: CC: Re: From: Date: Fax: Pages: Urgent 4 Comments: CONFIDENTIALITY NOTE Telephone: 82562350 05/01/00 10:21 612 894 9690 LORILLARD RGNY 11 Mr. Randy Spell Rick Redfield May 1, 2000 952 894- 9690 Mr. Fred Paternostro Legal- lowa For Review Please Comment "
82573104,test,data/raw/funsd/dataset/testing_data/images/82573104.png,data/raw/funsd/dataset/testing_data/annotations/82573104.json,17,150,5,4,1,7,"82573104 Date: To: From: Room: MESSAGE: COVINGTON & BURLING xc: RB5 12- 9- 99 RECEIVED DEC -9 1999 R B. SPELL 1201 Pennsylvania Avenue, N W. P. O. Box 7566 Washington D. C. 20044- 7566 (202) 662- 6000 Fax Numbers (202) 662 6291 or (202) 737 0528 Fax Operator (202) 662- 6280 THIS FACSIMILE TRANSMISSI"
82837252,test,data/raw/funsd/dataset/testing_data/images/82837252.png,data/raw/funsd/dataset/testing_data/annotations/82837252.json,24,113,12,9,1,2,"DATE: TIME: MRA MANUFACTURER: cc: 82837252 NEW COMPETITIVE PRODUCTS REPORTED BY: BOBBY MILLS, REGIONAL SALES MGR., INDIANAPOLIS, IN 8/ 10/ 90 SOURCE OF INFORMATION: HALL RODECAP, NOBLESVILLE, IN B & W VICEROY KING BOX AND VICEROY LIGHTS KING BOX BRAND NAME: TYPE OF PRODUCT: SIZE OR SIZES: LIST PRICE"
83443897,test,data/raw/funsd/dataset/testing_data/images/83443897.png,data/raw/funsd/dataset/testing_data/annotations/83443897.json,33,195,12,12,2,7,"DATE: COMPANY: PHONE: FROM: PHONE: MESSAGE: YES NO 2 X 83443897 JAN 11 '99 16: 29 FR 8220 TO 3212128557HC02N P. 01 DICKSTEIN SHAPIRO MORING OSHINSKY FAX TRANSMISSION January 11, 1999 L8557 002 Dewey Tedder Lorillard Tobacco Company 336/ 373- 6917 336/ 373- 6750 Andy Zausner and Rob Mangas 202/ 828- "
83553333_3334,test,data/raw/funsd/dataset/testing_data/images/83553333_3334.png,data/raw/funsd/dataset/testing_data/annotations/83553333_3334.json,51,232,14,31,1,5,"Sender Date To Reference November 12, 1999 6 Message: 8355333 11/ 12/ 99 19: 32 FAA 212 450 4800 DPW 1048 UUZ/ DUS DAVIS POLK & WARDWELL Fax Transmittal 450 Lexington Avenue New York, NY 10017 212- 450- 4000 Charles Duggan Number of Pages (this page included) Sender Voice Number If problems receivin"
83573282,test,data/raw/funsd/dataset/testing_data/images/83573282.png,data/raw/funsd/dataset/testing_data/annotations/83573282.json,55,305,14,29,6,6,"Date: From: Re: COMMENTS: Recipient(s): Company: 83573282 Urgent! Deliver Immediately 04/ 14/ 99 18: 36 FAX 206 623 0594 HAGENS BERMAN HAGENS BERMAN Attorney Law WA Fee Pay Agree XC: JAW 1301 FIFTH AVENUE, SUITE 2900 SEATTLE, WA 98101 TELEPHONE (206) 623 7293 FACSIMILE (206) 623- 0594 FACSIMILE COVE"
83594639,test,data/raw/funsd/dataset/testing_data/images/83594639.png,data/raw/funsd/dataset/testing_data/annotations/83594639.json,21,88,6,6,2,7,"Date: To: Company: From: 3 Lorillard 83594639 ☑001 89/ 22/ 97 MON 15: 35 FAX 12124554900 ROPER STARCH WORLDWIDE ROPER STARCH TURNING DATA INTO INTELLIGENCE WORLDWIDE Fax Fax Fax Fax Fax Fax Fax Fax Fax Ron Milstein (910) 335 7707 Pages (Including cover page): ""JJ"" Klein Fax Number: Roper Starch Worl"
83624198,test,data/raw/funsd/dataset/testing_data/images/83624198.png,data/raw/funsd/dataset/testing_data/annotations/83624198.json,36,195,15,12,2,7,"TO DATE: COMPANY: PHONE: FROM: PHONE: MESSAGE: YES NO 12 83624198 Tel Fax FEB 25 '98 18: 23 FR #1 28557 002# P. 2101 FAX TRANSMISSION February 25, 1998 L8557 002 Ronald S. Milstein Lorillard Tobacco Company 910/ 335- 7707 910 /335 -7718 Andy Zausner 202 /828 -2259 FAX NUMBER: MESSAGE TO: CLIENT NO.:"
83635935,test,data/raw/funsd/dataset/testing_data/images/83635935.png,data/raw/funsd/dataset/testing_data/annotations/83635935.json,17,177,4,4,2,7,"DATE: TO: FROM: 83635935 JUN 05 97 02:00 PM LOEWS CORP P. 1/ 6 LOEWS CORPORATION 667 Madison Avenue, New York, N. / 10021 8087 (212) 545 2920 Fax (212) 935 6801 BARRY HIRSCH Senior Vice President Secretary & General Counsel FAX CONFIDENTIAL June 4, 1997 Dr. Spears/ A. J. Stevens/ R. Milstein Barry H"
83641919_1921,test,data/raw/funsd/dataset/testing_data/images/83641919_1921.png,data/raw/funsd/dataset/testing_data/annotations/83641919_1921.json,103,215,31,60,5,7,31 1818 22 15 24 19 15 209 32 151/15 81/9 138/9 140/13 117/9 118/8 166/15 115/13 163/11 DISTRIBUTION DIVISION: REGION: FULL Flint X FULL PARTIAL PARTIAL 13 12 13 X 196/13 16 TO: FROM: SUBJECT: GEOGRAPHY X 142 237 102 39 184 32 40 31 Emra Walmart 83641919 S. P. ZOLOT R. W. RICHARDSON OCT 05 SUBMISSIO
83772145,test,data/raw/funsd/dataset/testing_data/images/83772145.png,data/raw/funsd/dataset/testing_data/annotations/83772145.json,37,263,15,10,1,11,NO. 1796 P. #: TIME: TO: FROM: DATE: 392 OPERATOR: Jack CONFIDENTIALITY NOTICE 83772145 JAN 31. 1997 11: 48 AM FAX COVER LAW OFFICES SHOOK HARDY & BACON L. L. P. 1/ 3 FAX COVER One Kansas City Place 1200 Main Street Kansas City Missouri 64105- 2118 Telephone (816) 474 6550 Facsimile (816) 421- 5547 
83823750,test,data/raw/funsd/dataset/testing_data/images/83823750.png,data/raw/funsd/dataset/testing_data/annotations/83823750.json,34,166,15,10,1,8,"001 Date To 2 Company Sender Reference Message: 83823750 Confidentiality Note: /97 TUE 18: 39 FAX 212 5578 DPW 30 -59 DAVIS POLK & WARDWELL Fax Transmittal 450 Lexington Avenue New York NY 10017 212- 450 4000 Robert H. Shaw, Esq. November 11, 1997 Lorillard Tobacco Company Fax Number Voice Number 91"
83996357,test,data/raw/funsd/dataset/testing_data/images/83996357.png,data/raw/funsd/dataset/testing_data/annotations/83996357.json,43,101,22,17,1,3,TO: FROM: CC: PACK/CARTON REQUIREMENTS PACK JOB# 07809 594 14% 30165 83996357 COUPON CODE REGISTRATION FORM KELLI SCRUGGS LEONARD JONES V. LOSITO M. TAHMASEB G. BAROODY L. STEVENS B. VON DER LIPPE D. Risling BRAND(S) APPLICABLE OLD GOLD DIRECT MAIL MEDIA TYPE MEDIA NAME ISSUE FREQUENCY YEAR SPACE/ C
85201976,test,data/raw/funsd/dataset/testing_data/images/85201976.png,data/raw/funsd/dataset/testing_data/annotations/85201976.json,24,80,21,0,1,2,"NAME ADDRESS CITY STATE ZIP AGE 1. 2. 3. SMOKING 85201976 Marden - Kane, Inc. TRUE ""YOU FOUND IT"" SWEEPSTAKES SECOND PRIZE WINNER TRAVEL INFORMATION SHEET THE DESTINATION IN THE CONTINENTAL UNITED STATES I WISH TO TRAVEL TO IS: HOME PHONE BUSINESS PHONE NAME OF GUEST RELATIONSHIP TO WINNER PLEASE LI"
85240939,test,data/raw/funsd/dataset/testing_data/images/85240939.png,data/raw/funsd/dataset/testing_data/annotations/85240939.json,25,157,9,10,1,5,"NAME: TITLE: COMPANY: ADDRESS: PHONE: Lorillard SHERATON- CARLTON HOTEL WASHINGTON, D. C. THE TOBACCO INSTITUTE FIFTH ANNUAL COLLEGE TOBACCO KNOWLEDGE REGISTRATION FORM FEBRUARY 19-21 1980 GEORGE R. TELFORD Brand Manager 666 Fifth Avenue, New York, NY 10019 (212) 841- 8787 CHECK ONE: Please reserve "
85540866,test,data/raw/funsd/dataset/testing_data/images/85540866.png,data/raw/funsd/dataset/testing_data/annotations/85540866.json,13,25,11,0,1,1,(Name) (Date) (Position) (Name) 85540866 MEDIA CONTACT SHEET (Publication or station) Reason for Contact Questions/ Responses Additional Comments Inquiry handled by: (Location address) (Phone number)
85629964,test,data/raw/funsd/dataset/testing_data/images/85629964.png,data/raw/funsd/dataset/testing_data/annotations/85629964.json,38,94,35,0,2,1,YEAR: OVERWRAP: NICOTINE: TAR: 85629964 CIGARETTE REPORT FORM BRAND NAME: NO. PER PACK VAR. DESC: (SEE EXPLANATION) VARIETY UNIT SALES: VARIETY DOLLAR SALES: CIG. LENGTH: FILTER LENGTH: FILTER TYPE: FLAVORING: PACK TYPE: LAST SOLD DATE: IST MANUFACT. DATE: YEARLY SUMMARY: IST SALES DATE: CARBON MONO
86075409_5410,test,data/raw/funsd/dataset/testing_data/images/86075409_5410.png,data/raw/funsd/dataset/testing_data/annotations/86075409_5410.json,57,141,26,14,1,16,"From: To: CC: Circulation(#) 86075409 Tiers II, & IV Lynnette Stevens Kelli Scruggs Vincent Losito George Baroody S. Tesh C. Hill Don Kisling Brand(s) Applicable Media Type Media Name Issue Frequency/ Year *Space/ Color Coupon Issue Date Coupon Expiration Date Geographical Area(s) Coupon Value Pack "
86079776_9777,test,data/raw/funsd/dataset/testing_data/images/86079776_9777.png,data/raw/funsd/dataset/testing_data/annotations/86079776_9777.json,42,211,30,1,7,4,SPECIFICS Execution: Media: OBJECTIVE TARGET COMMUNICATION PLATFORM 86079776 CREATIVE INPUT DOCUMENT Date/ Time: Prepared By: 10/30/98 1:46 PM Milestone Presentation Date: Estimated Creative Budget: Concept: Client Name: Matter Number: Project Title: Est. Production Budget: Why are we advertising? W
86220490,test,data/raw/funsd/dataset/testing_data/images/86220490.png,data/raw/funsd/dataset/testing_data/annotations/86220490.json,25,76,11,8,1,5,"To: Firm: FAX #: From: Date: MSA Autodial Mike, 8622042 LORILLARD TOBACCO COMPANY Market Planning and Information Department Mike Mozina Susan Smith 335- 7733 335- 7150 FAX #: Phone #: 8/ 31/ 98 3 (including this cover page) # Pages: - Approval for AWS Quarterly Store Count Database to begin 3rd Qua"
86230203_0206,test,data/raw/funsd/dataset/testing_data/images/86230203_0206.png,data/raw/funsd/dataset/testing_data/annotations/86230203_0206.json,76,139,26,35,5,10,TO: FROM: SUBJECT: X GEOGRAPHY REGION: DIVISION: FULL PARTIAL x FULL PARTIAL DISTRIBUTION Seyle Dantzlen Econ 180 130 20 19 18 18 17 16 K&B Delchamps Litco 85 39 36 36 23 23 22 86230203 Page 1 of 4 MAVPROG 11-Dec-96 12/12/96 08:33 204 7348616 LORILLARD TOB NYO 1 0001/ 004 K. A. Sparrow F. Strickland
86236474_6476,test,data/raw/funsd/dataset/testing_data/images/86236474_6476.png,data/raw/funsd/dataset/testing_data/annotations/86236474_6476.json,23,118,10,8,4,1,TO: FROM: 8623474 ☑ Mrs. K. A. Sparrow R. G. Ryan JUNE7 AUG.2 OCT.7 SUBMISSION DATE: NEWPORT LIGHTS HEAVY UP PROGRESS REPORT EFFECTIVENESS OF DISTRIBUTION ALLOWANCE: DIRECT ACCOUNT/ WHOLESALERS: Distribution allowance was very effective in accomplishing our objectives. All accounts have purchased in
86244113,test,data/raw/funsd/dataset/testing_data/images/86244113.png,data/raw/funsd/dataset/testing_data/annotations/86244113.json,24,80,12,8,1,3,DIVISION: ACCOUNT: (STATE) DATES: BRAND NOTE: ACTION PLAN: CC: 8624113 STYLEREP INVENTORY FOR: DIRECT ACCOUNT STATUS REPORT # OF CARTONS ON HAND AVERAGE WEEKLY MOVEMENT # OF WEEKS ON HAND STYLE LIGHT 100'S STYLE LIGHT MENTHOL 100'S STYLE LIGHT BOX 100'S STYLE MEN. LIGHT BOX 100'S STYLE SLIM LIGHT 10
86263525,test,data/raw/funsd/dataset/testing_data/images/86263525.png,data/raw/funsd/dataset/testing_data/annotations/86263525.json,29,91,14,12,1,2,DATE DATE DATE DATE DATE DATE 141 N /A N /A 2051119008 RECORDS RETENTION SCHEDULE RECONCILIATION RECORDS MANAGEMENT DEPARTMENT - M /C DEPARTMENT NAME SCIENCE & TECHNOLOGY COST CENTER NUMBER INDEX BINDERS CONSOLIDATED BY: N /A INDEX BINDER RE- LABELED BY: Mallery 2 /15 /90 RETENTION & RECOMMENDATION 
86328049_8050,test,data/raw/funsd/dataset/testing_data/images/86328049_8050.png,data/raw/funsd/dataset/testing_data/annotations/86328049_8050.json,84,199,39,38,2,5,"TO: Name: Name: Name: Name: Name: Name: Name: Name: Name: Name: Name: Name: Name: 4 Yes No ☑ Name: Name: Name: Name: 1426 86328049 Feb-24-99 10:53 From- UNTON WILL T-122 P.01/04 F-066 TELECOPY INFORMATION HUNTON & WILLIAMS Riverfront Plaza 951 East Byrd Street Richmond, Virginia 23219 -4074 (804)788"
87086073,test,data/raw/funsd/dataset/testing_data/images/87086073.png,data/raw/funsd/dataset/testing_data/annotations/87086073.json,28,61,15,9,1,3,"DATE STRUCTURE COMMENTS J. D. Engle R. F. Dufresne Vanitrope III B134 87086073 DECISION TREE ESTIMATION OF TOXIC RISK J. D. Ergle and R. F. Dufresne August 14, 1990 COMPOUND NAME CH3CH2O OH ESTIMATED TOXICITY CLASS LORILLARO COMPOUND CODE NUMBER This ethoxy substitued aromatic falls into class III. "
87093315_87093318,test,data/raw/funsd/dataset/testing_data/images/87093315_87093318.png,data/raw/funsd/dataset/testing_data/annotations/87093315_87093318.json,103,195,47,45,7,4,Date: on BLEND CASTING RECASING MENIHOL Filters Cigarettes Maker Length Circumference Weight Paper Kind Circumference Weight Plast. 3/14/90 Attached None Attached None None mm 430 G White Blue White White James James MFG. Wrapping Responsibility Closures Labels Cartons Markings Shipping Requirements
87125460,test,data/raw/funsd/dataset/testing_data/images/87125460.png,data/raw/funsd/dataset/testing_data/annotations/87125460.json,27,75,13,10,1,3,"87125460 APPROVALS DATE DATE STUDY DIRECTOR FINAL REPORT AMENDMENT STUDY NAME Induction of Hepatic Enzymes in rats (B202) STUDY NUMBER I- 7016. 401 INITIATION DATE October 27, 1986 DATE OF FINAL REPORT February 26, 1987 PART OF FINAL REPORT TO BE AMENDED (EXACT LOCATION) Page 14 and Table 4 REASON F"
87137840,test,data/raw/funsd/dataset/testing_data/images/87137840.png,data/raw/funsd/dataset/testing_data/annotations/87137840.json,38,78,19,17,1,1,DATE: DATES: BROKEN LEAKED GOOD T07281A Lorillard 012590 One B220 87137840 TEST ARTICLE RECEIPT TA #: SPONSOR'S NAME: TEST ARTICLE IDENTIFICATION: LOT #: CONDITION OF SHIPMENT: SHIPPED VIA Direct Exress Clear brown liquid PHYSICAL DESCRIPTION: NO. OF CONTAINERS: GROSS WEIGHT Not provided NET WEIGHT 
87147607,test,data/raw/funsd/dataset/testing_data/images/87147607.png,data/raw/funsd/dataset/testing_data/annotations/87147607.json,43,209,23,11,1,8,"VENDOR TERMS CODE DESCRIPTION QUANTITY DEPARTMENT USE ONLY NC DATE Prev. UNIT PRICE 4111 8700 87147607 FOR PURCHASING ☐ PURCHASING ☐ STATIONARY PURCHASE REQUISITION PLEASE INCLUDE ONLY ONE TYPE OF MATERIAL ON THIS REQUISITION P. O. 1534 LT-1979 April 19, 1988 Piedmont Research Laboratory 2748 Patter"
87332450,test,data/raw/funsd/dataset/testing_data/images/87332450.png,data/raw/funsd/dataset/testing_data/annotations/87332450.json,48,160,36,6,1,5,Name: First Title Middle Last Institution: Street City State ZIP Code Country Telephone: TOTAL DATE TIME Arrival: Departure: CARRIER 87332450 Telephone: FAX: Address: 47th TCRC REGISTRATION FORM Please type or print FAX #: P.O. Box# Name of guest: Continental Breakfast on Tuesday Fall Foliage Tour o
87428306,test,data/raw/funsd/dataset/testing_data/images/87428306.png,data/raw/funsd/dataset/testing_data/annotations/87428306.json,36,198,17,11,2,6,pH SOLUBILITY ORAL A221 SIGNATURE CENTER RESEARCH LORILLARD 87428306 DATE COMPOUND PHYSICAL PARAMETERS LRC FILE NUMBER LOT NUMBER PHYSICAL STATE A crystalline solid at room temperature which melts at > 56 C. The pH of a 50 % concentration of A221 in water was theoretically calculated to be 7.26 at 2
87528321,test,data/raw/funsd/dataset/testing_data/images/87528321.png,data/raw/funsd/dataset/testing_data/annotations/87528321.json,90,211,60,16,2,12,RJRT Position Change of Type Addition Deletion Change Mat Affected Glass Brand/ Assembly/ Material Slit and Mat Glass Design Compatibity Manufacturability Other Emergency Urgent Routine Page Date Change Order Number 8410059 8-17-88 5398 880029 RFC X X X 51484 3791 Date DATE HOLDER SPEC Title Signatu
87528380,test,data/raw/funsd/dataset/testing_data/images/87528380.png,data/raw/funsd/dataset/testing_data/annotations/87528380.json,108,428,51,29,11,17,"10675 PROPOSAL FOR DATE TO ADDRESS CITY STATE Attn: ITEM: MATERIAL: ALUMINUM SIZE: GAUGE COLORS: HOLES: YES EMBOSSED SQUARE CORNERS: EDGES: PACKING: OTHER: ☑ Aluminum ☑ 4 ☑ ☑ ☑ Tooling: QUANTITIES: PRICE: BILLING: WAREHOUSING: ☑ ☑ 87528380 CONDITIONS: 4050 TOTAL 8650 S ☑ 10 STOUT INDUSTRIES, INC. 64"
87594142_87594144,test,data/raw/funsd/dataset/testing_data/images/87594142_87594144.png,data/raw/funsd/dataset/testing_data/annotations/87594142_87594144.json,71,434,44,24,1,2,"ADDRESS Baltimore (A) (B) 21205 THRU THRU $ $ $ THRU 01/01/94 01/01/95 01/01/96 12/31/94 12/31/95 12/31/96 5/26/93 87594142 APPLICATION FOR RESEARCH CONTRACT CENTER FOR INDOOR AIR RESEARCH 1099 WINTERSON ROAD SUITE 280 LINTHICUM, MD. 21090 (410) 684-3777 FAX (410) 684-3729 1. PRINCIPAL INVESTIGATOR "
89856243,test,data/raw/funsd/dataset/testing_data/images/89856243.png,data/raw/funsd/dataset/testing_data/annotations/89856243.json,54,316,25,17,1,11,"file PRODUCT Date Triumph yes yes no no Approved by: Incidence - 4 1 Topline Final 89856243 Marketing Research Director October 17, 1979 MARKETING RESEARCH RPROJECT APPROVAL (To be filled out by Marketing Research Department) PROJECT TITLE Triumph Disaster Check Study 5546/ 1979 Research Design (N, "
91814768_91814769,test,data/raw/funsd/dataset/testing_data/images/91814768_91814769.png,data/raw/funsd/dataset/testing_data/annotations/91814768_91814769.json,75,359,31,29,4,11,"November 3, 1992 Massachusetts ballot *Note: 19 92 Address Date Purpose 91814768 ☑ Final ""CORRECTED FORM"" The Commonwealth of Massachusetts OFFICE OF CAMPAIGN AND POLITICAL FINANCE Office Use Only Form CPF 22 (formerly CPF 10) REPORT OF CORPORATE TREASURER File with: Director, Office of Campaign & P"
92380595,test,data/raw/funsd/dataset/testing_data/images/92380595.png,data/raw/funsd/dataset/testing_data/annotations/92380595.json,83,270,44,21,3,15,"RECEIVED DATE: TO: ATTN: RE: x 033052 via: x Summons Complaint Other: X Garnishment Subpoena vs. RETURN DATE Collect ) ) ) ) 475,592 COMMENTS: Phone Other X 92380595 Signed: ORIGINAL Executive Offices 1 GULF+ WESTE PLAZA . NEW YORK, NEW YORK 23- 7773 (212) 373- 7500 PRENTICE HALL CORPORATE SERVICES "
93106788,test,data/raw/funsd/dataset/testing_data/images/93106788.png,data/raw/funsd/dataset/testing_data/annotations/93106788.json,47,311,17,10,1,19,"TO: ATTN: DATE: ADVERTISER: PRODUCT: LORILLARD NEWPORT AD#: CAPTION: SPACE: DATE: P5CE PO #77219 ATTN: 93106788 Cigarette LORILLARD MEDIA SERVICES ONE PARK AVENUE, NEW YORK, NY 10016- 5896 MAGAZINE INSERTION ORDER ESSENCE 1500 BROADWAY NEW YORK, NY 10036 JOYCE WINSTON MARCH 17, 1995 THIS ADVERTISEME"
